kind,title,theater,observation_date,listed_final_date,days_to_known_last,extended,extension_first_observed,extension_magnitude_days,segment,days_since_opening,screenings_on_final_day,screenings_next_7,other_theaters_beyond_listed_end,all_theaters_share_listed_end,prior_extension_count,snapshots_on_this_final,extension_probability,production_p7,trusted_as_genuine,in_population_a
extension_anticipated,Avengers Endgame: Encore,AMC Alderwood Mall 16,2026-09-23,2026-09-30,7,1,2026-09-30,7,ambiguous_special,-1.0,6.0,43,2.0,0.0,1.0,12.0,0.8551,0.06540337185498332,0,1
extension_anticipated,Beware Boiuna,AMC Pacific Place 11,2026-09-29,2026-10-02,3,1,2026-09-30,5,ordinary,-2.0,2.0,3,4.0,0.0,0.0,1.0,0.8741,0.1695325733166791,0,1
extension_anticipated,Hope,AMC Alderwood Mall 16,2026-09-09,2026-09-16,7,1,2026-09-16,14,ordinary,0.0,4.0,28,1.0,0.0,7.0,8.0,0.8999,0.011989216821591807,0,1
extension_anticipated,Hope,AMC Kent Station 14,2026-09-09,2026-09-16,7,1,2026-09-15,15,ordinary,0.0,4.0,30,1.0,0.0,7.0,8.0,0.9138,0.012067619467516647,0,1
extension_anticipated,Hope,AMC Oak Tree 6,2026-09-09,2026-09-16,7,1,2026-09-16,7,ordinary,-2.0,3.0,15,1.0,0.0,0.0,1.0,0.8354,0.011028488794998487,0,1
extension_anticipated,Hope,AMC Pacific Place 11,2026-09-10,2026-09-17,7,1,2026-09-16,13,ordinary,1.0,1.0,23,0.0,0.0,8.0,8.0,0.9619,0.011533722985136507,0,1
extension_anticipated,Hope,AMC Southcenter 16,2026-09-09,2026-09-16,7,1,2026-09-16,15,ordinary,0.0,4.0,27,1.0,0.0,7.0,8.0,0.9117,0.011854850211948865,0,1
extension_anticipated,Oasis: Don't Look Back in Anger,AMC Alderwood Mall 16,2026-09-10,2026-09-17,7,1,2026-09-16,6,ordinary,0.0,1.0,28,0.0,0.0,7.0,2.0,0.9517,0.014153826093171049,0,1
extension_anticipated,Oasis: Don't Look Back in Anger,AMC Kent Station 14,2026-09-09,2026-09-16,7,1,2026-09-15,8,ordinary,-1.0,4.0,24,1.0,0.0,6.0,8.0,0.7852,0.014967983108204408,0,1
extension_anticipated,Oasis: Don't Look Back in Anger,AMC Woodinville 12,2026-09-09,2026-09-16,7,1,2026-09-15,7,ordinary,-1.0,3.0,19,1.0,0.0,6.0,8.0,0.8211,0.015135564382244763,0,1
extension_anticipated,Practical Magic 2,AMC Alderwood Mall 16,2026-09-10,2026-09-17,7,1,2026-09-16,20,ordinary,0.0,4.0,60,0.0,0.0,7.0,8.0,0.9337,0.010668938385916175,0,1
extension_anticipated,Practical Magic 2,AMC Factoria 8,2026-09-10,2026-09-17,7,1,2026-09-15,14,ordinary,0.0,4.0,25,0.0,0.0,7.0,8.0,0.9425,0.010702219268047632,0,1
extension_anticipated,Practical Magic 2,AMC Kent Station 14,2026-09-09,2026-09-16,7,1,2026-09-15,21,ordinary,-1.0,8.0,57,3.0,0.0,6.0,8.0,0.9881,0.010688422183010745,0,1
extension_anticipated,Practical Magic 2,AMC Oak Tree 6,2026-09-09,2026-09-16,7,1,2026-09-16,15,ordinary,-1.0,3.0,21,3.0,0.0,6.0,8.0,0.8905,0.010732595432760991,0,1
extension_anticipated,Practical Magic 2,AMC Pacific Place 11,2026-09-10,2026-09-17,7,1,2026-09-16,14,ordinary,0.0,3.0,26,0.0,0.0,7.0,8.0,0.9306,0.010703133190959497,0,1
extension_anticipated,Practical Magic 2,AMC Southcenter 16,2026-09-09,2026-09-16,7,1,2026-09-16,21,ordinary,-1.0,7.0,45,3.0,0.0,5.0,4.0,0.9873,0.010711292694189288,0,1
extension_anticipated,Practical Magic 2,AMC Woodinville 12,2026-09-09,2026-09-16,7,1,2026-09-15,21,ordinary,-1.0,7.0,45,3.0,0.0,6.0,8.0,0.9729,0.010705554430260923,0,1
extension_anticipated,Primetime,AMC Woodinville 12,2026-09-23,2026-09-30,7,1,2026-09-29,7,ordinary,-1.0,8.0,44,3.0,0.0,0.0,21.0,0.8664,0.012816624868138067,0,1
extension_anticipated,Resident Evil,AMC Kent Station 14,2026-09-23,2026-09-30,7,1,2026-09-29,7,ordinary,6.0,8.0,67,2.0,0.0,0.0,21.0,0.8362,0.010677828404960267,0,1
extension_anticipated,Resident Evil,AMC Southcenter 16,2026-09-23,2026-09-30,7,1,2026-09-27,7,ordinary,6.0,8.0,62,2.0,0.0,1.0,12.0,0.9557,0.010726725050743537,0,1
extension_anticipated,Runner,AMC Alderwood Mall 16,2026-09-09,2026-09-16,7,1,2026-09-16,14,ordinary,-1.0,4.0,24,1.0,0.0,6.0,8.0,0.9044,0.012992983445296737,0,1
extension_anticipated,Runner,AMC Kent Station 14,2026-09-09,2026-09-16,7,1,2026-09-15,15,ordinary,-1.0,5.0,30,1.0,0.0,6.0,8.0,0.9531,0.0128988794052338,0,1
extension_anticipated,Runner,AMC Southcenter 16,2026-09-09,2026-09-16,7,1,2026-09-16,14,ordinary,-1.0,5.0,29,1.0,0.0,6.0,8.0,0.9519,0.012954860573488804,0,1
extension_anticipated,Runner,AMC Woodinville 12,2026-09-09,2026-09-16,7,1,2026-09-15,14,ordinary,-1.0,4.0,26,1.0,0.0,6.0,8.0,0.9037,0.012936041281971962,0,1
extension_anticipated,Spider-Man: Brand New Day,AMC Pacific Place 11,2026-09-10,2026-09-17,7,1,2026-09-16,20,ordinary,42.0,3.0,26,0.0,0.0,49.0,8.0,1.0,0.010981660753164159,0,1
extension_anticipated,The Influencer Project,AMC Pacific Place 11,2026-09-29,2026-10-02,3,1,2026-09-30,5,ordinary,-2.0,1.0,2,4.0,0.0,0.0,1.0,0.8143,0.09542854776095452,0,1
extension_anticipated,The Stunt Driver,AMC Pacific Place 11,2026-09-22,2026-09-25,3,1,2026-09-23,5,ordinary,-2.0,2.0,3,1.0,0.0,0.0,1.0,0.8054,0.8992407097050272,0,1
extension_anticipated,The Uprising,AMC Alderwood Mall 16,2026-09-09,2026-09-16,7,1,2026-09-16,7,ordinary,-1.0,4.0,26,2.0,0.0,6.0,8.0,0.8183,0.011459453410943524,0,1
extension_anticipated,The Uprising,AMC Kent Station 14,2026-09-09,2026-09-16,7,1,2026-09-15,8,ordinary,-1.0,4.0,24,2.0,0.0,6.0,8.0,0.9335,0.011513709760917533,0,1
extension_anticipated,The Uprising,AMC Pacific Place 11,2026-09-10,2026-09-17,7,1,2026-09-16,6,ordinary,0.0,2.0,23,0.0,0.0,7.0,8.0,0.8737,0.011398365513582705,0,1
extension_anticipated,The Uprising,AMC Southcenter 16,2026-09-09,2026-09-16,7,1,2026-09-16,7,ordinary,-1.0,3.0,23,2.0,0.0,6.0,8.0,0.8959,0.011506635656304675,0,1
extension_anticipated,The Uprising,AMC Woodinville 12,2026-09-09,2026-09-16,7,1,2026-09-15,7,ordinary,-1.0,4.0,26,2.0,0.0,6.0,8.0,0.9304,0.011485742874983874,0,1
extension_anticipated,The Weight,AMC Factoria 8,2026-09-16,2026-09-23,7,1,2026-09-22,8,ordinary,-1.0,3.0,24,1.0,0.0,0.0,2.0,0.8738,0.011076857375746705,0,1
unexpected_extension,Avengers Endgame: Encore,AMC Factoria 8,2026-09-24,2026-10-01,7,1,2026-09-29,6,ambiguous_special,0.0,3.0,24,0.0,0.0,0.0,22.0,0.0988,0.07157809550682222,1,1
unexpected_extension,Avengers Endgame: Encore,AMC Kent Station 14,2026-09-23,2026-09-30,7,1,2026-09-29,7,ambiguous_special,-1.0,7.0,50,2.0,0.0,0.0,21.0,0.5906,0.05823698673587934,1,1
unexpected_extension,Avengers Endgame: Encore,AMC Oak Tree 6,2026-09-23,2026-09-30,7,1,2026-09-30,7,ambiguous_special,-1.0,3.0,21,2.0,0.0,0.0,21.0,0.0789,0.10296400122208915,1,1
unexpected_extension,Avengers Endgame: Encore,AMC Pacific Place 11,2026-09-24,2026-10-01,7,1,2026-09-29,6,ambiguous_special,0.0,2.0,22,0.0,0.0,0.0,22.0,0.0674,0.07492027624054345,1,1
unexpected_extension,Avengers Endgame: Encore,AMC Southcenter 16,2026-09-23,2026-09-30,7,1,2026-09-30,7,ambiguous_special,-1.0,5.0,39,2.0,0.0,1.0,12.0,0.7449,0.07440613325579258,1,1
unexpected_extension,Avengers Endgame: Encore,AMC Woodinville 12,2026-09-23,2026-09-30,7,1,2026-09-29,7,ambiguous_special,-1.0,4.0,33,2.0,0.0,0.0,21.0,0.1813,0.07378423803732685,1,1
unexpected_extension,Beware Boiuna,AMC Woodinville 12,2026-09-29,2026-10-04,5,1,2026-09-30,3,ordinary,-2.0,1.0,6,3.0,0.0,0.0,1.0,0.759,0.033601987923392466,1,1
unexpected_extension,Charlie Harper,AMC Pacific Place 11,2026-09-22,2026-09-25,3,1,2026-09-23,5,ordinary,-2.0,1.0,2,2.0,0.0,0.0,1.0,0.759,0.7191157331785917,1,1
unexpected_extension,Daniel and the Fiery Furnace,AMC Alderwood Mall 16,2026-09-16,2026-09-23,7,1,2026-09-23,7,ordinary,-1.0,2.0,12,0.0,1.0,0.0,14.0,0.0689,0.027753619303340533,1,1
unexpected_extension,Daniel and the Fiery Furnace,AMC Southcenter 16,2026-09-15,2026-09-22,7,1,2026-09-16,9,ordinary,-2.0,1.0,9,2.0,0.0,0.0,1.0,0.5151,0.02972265593213044,1,1
unexpected_extension,Daniel and the Fiery Furnace,AMC Woodinville 12,2026-09-16,2026-09-23,7,1,2026-09-22,8,ordinary,-1.0,2.0,12,0.0,1.0,0.0,2.0,0.4107,0.026728233634622088,1,1
unexpected_extension,Don't Move,AMC Alderwood Mall 16,2026-09-09,2026-09-16,7,1,2026-09-16,1,ordinary,-1.0,1.0,6,0.0,1.0,0.0,1.0,0.3104,0.028529072458963283,1,1
unexpected_extension,Forgotten Island,AMC Kent Station 14,2026-09-23,2026-09-30,7,1,2026-09-29,7,ordinary,-1.0,4.0,31,4.0,0.0,0.0,15.0,0.4888,0.012998258692416302,1,1
unexpected_extension,Forgotten Island,AMC Oak Tree 6,2026-09-23,2026-09-30,7,1,2026-09-30,7,ordinary,-1.0,3.0,22,4.0,0.0,0.0,2.0,0.7432,0.013501461658925172,1,1
unexpected_extension,Forgotten Island,AMC Southcenter 16,2026-09-23,2026-09-30,7,1,2026-09-27,7,ordinary,-1.0,5.0,43,4.0,0.0,0.0,15.0,0.6472,0.013090828071163386,1,1
unexpected_extension,Ghost in the Cell,AMC Southcenter 16,2026-09-29,2026-10-06,7,1,2026-09-30,1,ordinary,-2.0,1.0,4,0.0,0.0,0.0,6.0,0.0801,0.1693159988128665,1,1
unexpected_extension,Ghost in the Shell 30th Anniversary,AMC Alderwood Mall 16,2026-09-16,2026-09-23,7,1,2026-09-23,7,rerelease,-1.0,1.0,6,0.0,1.0,0.0,14.0,0.3187,0.7838412016434101,1,1
unexpected_extension,"Ha-Chan, Shake Your Booty!",AMC Southcenter 16,2026-09-23,2026-09-30,7,1,2026-09-30,1,ordinary,-1.0,2.0,12,0.0,0.0,0.0,1.0,0.6178,0.16906703194888467,1,1
unexpected_extension,Hanuman Ansh,AMC Alderwood Mall 16,2026-09-09,2026-09-16,7,1,2026-09-16,7,ordinary,-2.0,1.0,5,0.0,0.0,0.0,1.0,0.3826,0.1917431437642329,1,1
unexpected_extension,Heart of the Beast,AMC Alderwood Mall 16,2026-09-23,2026-09-30,7,1,2026-09-30,7,ordinary,-1.0,6.0,38,1.0,0.0,0.0,21.0,0.3429,0.010852813347233701,1,1
unexpected_extension,Heart of the Beast,AMC Factoria 8,2026-09-23,2026-09-30,7,1,2026-09-29,7,ordinary,-1.0,4.0,26,1.0,0.0,0.0,21.0,0.302,0.010860817102920315,1,1
unexpected_extension,Heart of the Beast,AMC Kent Station 14,2026-09-23,2026-09-30,7,1,2026-09-29,7,ordinary,-1.0,5.0,31,1.0,0.0,0.0,21.0,0.2315,0.010839215449280066,1,1
unexpected_extension,Heart of the Beast,AMC Pacific Place 11,2026-09-24,2026-10-01,7,1,2026-09-29,6,ordinary,0.0,2.0,26,0.0,0.0,0.0,22.0,0.2385,0.01082853829613822,1,1
unexpected_extension,Heart of the Beast,AMC Southcenter 16,2026-09-23,2026-09-30,7,1,2026-09-30,7,ordinary,-1.0,7.0,35,1.0,0.0,0.0,21.0,0.436,0.010850415465660101,1,1
unexpected_extension,Heart of the Beast,AMC Woodinville 12,2026-09-23,2026-09-30,7,1,2026-09-29,7,ordinary,-1.0,5.0,30,1.0,0.0,0.0,21.0,0.4366,0.010854608409702395,1,1
unexpected_extension,If I Go Will They Miss Me,AMC Pacific Place 11,2026-09-16,2026-09-23,7,1,2026-09-22,14,ordinary,-1.0,1.0,6,1.0,0.0,0.0,1.0,0.6586,0.029532757194566987,1,1
unexpected_extension,If I Go Will They Miss Me,AMC Southcenter 16,2026-09-17,2026-09-24,7,1,2026-09-30,13,ordinary,0.0,1.0,13,0.0,0.0,0.0,9.0,0.4392,0.03006534848118407,1,1
unexpected_extension,Juan Gabriel: Mi Primer Bellas Artes,AMC Alderwood Mall 16,2026-09-08,2026-09-15,7,1,2026-09-09,1,special_event,-7.0,1.0,0,0.0,1.0,0.0,8.0,0.0135,0.11632797776756461,1,1
unexpected_extension,Juan Gabriel: Mi Primer Bellas Artes,AMC Kent Station 14,2026-09-08,2026-09-15,7,1,2026-09-12,1,special_event,-7.0,1.0,0,0.0,1.0,0.0,8.0,0.0143,0.11632797776756461,1,1
unexpected_extension,Juan Gabriel: Mi Primer Bellas Artes,AMC Southcenter 16,2026-09-08,2026-09-15,7,1,2026-09-09,1,special_event,-7.0,1.0,0,0.0,1.0,0.0,8.0,0.013,0.11632797776756461,1,1
unexpected_extension,Mighty Mary,AMC Pacific Place 11,2026-09-09,2026-09-16,7,1,2026-09-16,7,ordinary,-2.0,1.0,13,0.0,0.0,1.0,8.0,0.2345,0.17229283457092248,1,1
unexpected_extension,Oasis: Don't Look Back in Anger,AMC Southcenter 16,2026-09-09,2026-09-16,7,1,2026-09-16,7,ordinary,-1.0,4.0,25,1.0,0.0,6.0,8.0,0.7765,0.014718024776777553,1,1
unexpected_extension,Primetime,AMC Alderwood Mall 16,2026-09-23,2026-09-30,7,1,2026-09-30,7,ordinary,-1.0,4.0,27,3.0,0.0,0.0,21.0,0.3551,0.013140838702752603,1,1
unexpected_extension,Primetime,AMC Factoria 8,2026-09-24,2026-10-01,7,1,2026-09-29,6,ordinary,0.0,3.0,27,1.0,0.0,0.0,14.0,0.5478,0.01276373563237154,1,1
unexpected_extension,Primetime,AMC Kent Station 14,2026-09-24,2026-10-01,7,1,2026-09-29,6,ordinary,0.0,3.0,47,1.0,0.0,0.0,22.0,0.4046,0.012430989189057235,1,1
unexpected_extension,Primetime,AMC Oak Tree 6,2026-09-23,2026-09-30,7,1,2026-09-30,7,ordinary,-1.0,3.0,22,3.0,0.0,0.0,11.0,0.6279,0.013354837746563725,1,1
unexpected_extension,Primetime,AMC Southcenter 16,2026-09-23,2026-09-30,7,1,2026-09-30,7,ordinary,-1.0,5.0,29,3.0,0.0,0.0,21.0,0.506,0.013140838702752603,1,1
unexpected_extension,Resident Evil,AMC Alderwood Mall 16,2026-09-24,2026-10-01,7,1,2026-09-30,6,ordinary,7.0,1.0,65,0.0,0.0,0.0,22.0,0.4761,0.010651702540066626,1,1
unexpected_extension,Resident Evil,AMC Factoria 8,2026-09-23,2026-09-30,7,1,2026-09-29,7,ordinary,6.0,4.0,34,2.0,0.0,0.0,21.0,0.4705,0.01072717055166377,1,1
unexpected_extension,Resident Evil,AMC Oak Tree 6,2026-09-23,2026-09-30,7,1,2026-09-30,7,ordinary,6.0,3.0,27,2.0,0.0,0.0,21.0,0.3239,0.010754651636322648,1,1
genuine_called_extension,The Weight,AMC Oak Tree 6,2026-09-16,2026-09-23,7,0,,0,ordinary,-1.0,3.0,21,1.0,0.0,0.0,1.0,0.8933,0.01073520821071905,0,1
genuine_called_extension,Twenty Years of the Met in Cinemas: An Anniversary Celebration,AMC Oak Tree 6,2026-09-16,2026-09-19,3,0,,0,rerelease,-3.0,1.0,1,0.0,1.0,0.0,1.0,0.8179,0.9430122325128454,0,1
genuine_trusted,2026 Rocket League World Championship,AMC Southcenter 16,2026-09-13,2026-09-20,7,0,,0,special_event,-7.0,1.0,0,0.0,0.0,0.0,6.0,0.0231,0.3595456826028167,1,1
genuine_trusted,AMC Screen Unseen: September 14,AMC Alderwood Mall 16,2026-09-07,2026-09-14,7,0,,0,special_event,-7.0,1.0,0,0.0,1.0,0.0,6.0,0.0385,0.14241195065396725,1,1
genuine_trusted,AMC Screen Unseen: September 14,AMC Factoria 8,2026-09-07,2026-09-14,7,0,,0,special_event,-7.0,1.0,0,0.0,1.0,0.0,6.0,0.0373,0.14241195065396725,1,1
genuine_trusted,AMC Screen Unseen: September 14,AMC Kent Station 14,2026-09-07,2026-09-14,7,0,,0,special_event,-7.0,2.0,0,0.0,1.0,0.0,6.0,0.0588,0.14061646610150977,1,1
genuine_trusted,AMC Screen Unseen: September 14,AMC Oak Tree 6,2026-09-07,2026-09-14,7,0,,0,special_event,-7.0,1.0,0,0.0,1.0,0.0,6.0,0.0399,0.14241195065396725,1,1
genuine_trusted,AMC Screen Unseen: September 14,AMC Pacific Place 11,2026-09-07,2026-09-14,7,0,,0,special_event,-7.0,1.0,0,0.0,1.0,0.0,6.0,0.0406,0.14241195065396725,1,1
genuine_trusted,AMC Screen Unseen: September 14,AMC Southcenter 16,2026-09-07,2026-09-14,7,0,,0,special_event,-7.0,1.0,0,0.0,1.0,0.0,6.0,0.0372,0.14241195065396725,1,1
genuine_trusted,AMC Screen Unseen: September 14,AMC Woodinville 12,2026-09-07,2026-09-14,7,0,,0,special_event,-7.0,2.0,0,0.0,1.0,0.0,6.0,0.0634,0.14061646610150977,1,1
genuine_trusted,AMC Screen Unseen: September 21,AMC Alderwood Mall 16,2026-09-14,2026-09-21,7,0,,0,special_event,-7.0,1.0,0,0.0,1.0,0.0,6.0,0.0364,0.17547643836956311,1,1
genuine_trusted,AMC Screen Unseen: September 21,AMC Factoria 8,2026-09-14,2026-09-21,7,0,,0,special_event,-7.0,1.0,0,0.0,1.0,0.0,6.0,0.0335,0.17547643836956311,1,1
genuine_trusted,AMC Screen Unseen: September 21,AMC Kent Station 14,2026-09-14,2026-09-21,7,0,,0,special_event,-7.0,2.0,0,0.0,1.0,0.0,6.0,0.0555,0.17324061093451357,1,1
genuine_trusted,AMC Screen Unseen: September 21,AMC Oak Tree 6,2026-09-14,2026-09-21,7,0,,0,special_event,-7.0,1.0,0,0.0,1.0,0.0,6.0,0.0311,0.17547643836956311,1,1
genuine_trusted,AMC Screen Unseen: September 21,AMC Pacific Place 11,2026-09-14,2026-09-21,7,0,,0,special_event,-7.0,1.0,0,0.0,1.0,0.0,6.0,0.0318,0.17547643836956311,1,1
genuine_trusted,AMC Screen Unseen: September 21,AMC Southcenter 16,2026-09-14,2026-09-21,7,0,,0,special_event,-7.0,1.0,0,0.0,1.0,0.0,6.0,0.0368,0.17547643836956311,1,1
genuine_trusted,AMC Screen Unseen: September 21,AMC Woodinville 12,2026-09-14,2026-09-21,7,0,,0,special_event,-7.0,1.0,0,0.0,1.0,0.0,6.0,0.0359,0.17547643836956311,1,1
genuine_trusted,Batman (1989),AMC Alderwood Mall 16,2026-09-12,2026-09-19,7,0,,0,ordinary,-6.0,1.0,1,0.0,1.0,0.0,10.0,0.0122,0.017500286948116867,1,1
genuine_trusted,Batman (1989),AMC Kent Station 14,2026-09-12,2026-09-19,7,0,,0,ordinary,-6.0,1.0,1,0.0,1.0,0.0,10.0,0.0124,0.017500286948116867,1,1
genuine_trusted,Batman (1989),AMC Southcenter 16,2026-09-12,2026-09-19,7,0,,0,ordinary,-6.0,1.0,1,0.0,1.0,0.0,10.0,0.0116,0.017500286948116867,1,1
genuine_trusted,Batman (1989),AMC Woodinville 12,2026-09-12,2026-09-19,7,0,,0,ordinary,-6.0,1.0,1,0.0,1.0,0.0,10.0,0.0125,0.017500286948116867,1,1
genuine_trusted,Batman: Mask of the Phantasm (2026BD),AMC Alderwood Mall 16,2026-09-12,2026-09-19,7,0,,0,ordinary,-7.0,1.0,0,0.0,1.0,0.0,10.0,0.0063,0.01664993253662192,1,1
genuine_trusted,Batman: Mask of the Phantasm (2026BD),AMC Kent Station 14,2026-09-12,2026-09-19,7,0,,0,ordinary,-7.0,1.0,0,0.0,1.0,0.0,10.0,0.0064,0.01664993253662192,1,1
genuine_trusted,Batman: Mask of the Phantasm (2026BD),AMC Southcenter 16,2026-09-12,2026-09-19,7,0,,0,ordinary,-7.0,1.0,0,0.0,1.0,0.0,10.0,0.006,0.01664993253662192,1,1
genuine_trusted,Batman: Mask of the Phantasm (2026BD),AMC Woodinville 12,2026-09-12,2026-09-19,7,0,,0,ordinary,-7.0,1.0,0,0.0,1.0,0.0,10.0,0.0064,0.01664993253662192,1,1
genuine_trusted,Crunchyroll Anime Nights Sneak Peek - September '26,AMC Alderwood Mall 16,2026-09-14,2026-09-21,7,0,,0,special_event,-7.0,1.0,0,0.0,1.0,0.0,12.0,0.0052,0.10901497105098898,1,1
genuine_trusted,Crunchyroll Anime Nights Sneak Peek - September '26,AMC Southcenter 16,2026-09-14,2026-09-21,7,0,,0,special_event,-7.0,1.0,0,0.0,1.0,0.0,12.0,0.0053,0.10901497105098898,1,1
genuine_trusted,Daayra,AMC Alderwood Mall 16,2026-09-16,2026-09-23,7,0,,0,ordinary,-2.0,1.0,5,0.0,0.0,0.0,1.0,0.3765,0.1917431437642329,1,1
genuine_trusted,Don't Move,AMC Pacific Place 11,2026-09-09,2026-09-16,7,0,,0,ordinary,-1.0,1.0,5,0.0,1.0,0.0,1.0,0.385,0.028529072458963283,1,1
genuine_trusted,Don't Move,AMC Southcenter 16,2026-09-09,2026-09-16,7,0,,0,ordinary,-1.0,2.0,15,0.0,1.0,2.0,8.0,0.2849,0.03350653433120495,1,1
genuine_trusted,Dora and the Lost City of Gold,AMC Alderwood Mall 16,2026-09-17,2026-09-24,7,0,,0,ordinary,-1.0,1.0,6,0.0,1.0,0.0,9.0,0.0712,0.06804750757204156,1,1
genuine_trusted,Dora and the Lost City of Gold,AMC Southcenter 16,2026-09-17,2026-09-24,7,0,,0,ordinary,-1.0,1.0,6,0.0,1.0,0.0,9.0,0.07,0.06804750757204156,1,1
genuine_trusted,Forgotten Island - Early Access Screening,AMC Factoria 8,2026-09-16,2026-09-20,4,0,,0,special_event,-4.0,1.0,1,0.0,1.0,0.0,1.0,0.1786,0.929740660315724,1,1
genuine_trusted,Forgotten Island - Early Access Screening,AMC Kent Station 14,2026-09-16,2026-09-20,4,0,,0,special_event,-4.0,1.0,1,0.0,1.0,0.0,1.0,0.2074,0.929740660315724,1,1
genuine_trusted,Forgotten Island - Early Access Screening,AMC Woodinville 12,2026-09-16,2026-09-20,4,0,,0,special_event,-4.0,1.0,1,0.0,1.0,0.0,1.0,0.1917,0.929740660315724,1,1
genuine_trusted,Forgotten Island - Early Access Screening with Cast Member Q&A,AMC Alderwood Mall 16,2026-09-16,2026-09-20,4,0,,0,special_event,-4.0,1.0,1,0.0,1.0,0.0,1.0,0.1603,0.9292958699536992,1,1
genuine_trusted,Forgotten Island - Early Access Screening with Cast Member Q&A,AMC Southcenter 16,2026-09-16,2026-09-20,4,0,,0,special_event,-4.0,1.0,1,0.0,1.0,0.0,1.0,0.165,0.9292958699536992,1,1
genuine_trusted,Forgotten Island - Friendship Opening Night Event,AMC Alderwood Mall 16,2026-09-17,2026-09-24,7,0,,0,special_event,-7.0,1.0,0,0.0,1.0,0.0,9.0,0.0107,0.0852239115159296,1,1
genuine_trusted,Forgotten Island - Friendship Opening Night Event,AMC Kent Station 14,2026-09-17,2026-09-24,7,0,,0,special_event,-7.0,1.0,0,0.0,1.0,0.0,9.0,0.0136,0.0852239115159296,1,1
genuine_trusted,Forgotten Island - Friendship Opening Night Event,AMC Southcenter 16,2026-09-17,2026-09-24,7,0,,0,special_event,-7.0,1.0,0,0.0,1.0,0.0,9.0,0.0105,0.0852239115159296,1,1
genuine_trusted,Forgotten Island - Friendship Opening Night Event,AMC Woodinville 12,2026-09-17,2026-09-24,7,0,,0,special_event,-7.0,1.0,0,0.0,1.0,0.0,9.0,0.0116,0.0852239115159296,1,1
genuine_trusted,Ghost in the Shell 30th Anniversary,AMC Southcenter 16,2026-09-16,2026-09-23,7,0,,0,rerelease,-1.0,1.0,8,0.0,1.0,0.0,14.0,0.3262,0.7838412016434101,1,1
extension_anticipated,Akira,AMC Alderwood Mall 16,2026-09-02,2026-09-09,7,1,2026-09-09,7,ordinary,-1.0,7.0,30,1.0,0.0,5.0,8.0,0.9524,0.012376640671242589,0,1
unexpected_extension,Akira,AMC Alderwood Mall 16,2026-09-07,2026-09-09,2,1,2026-09-09,7,ordinary,4.0,6.0,17,2.0,0.0,5.0,13.0,0.7602,0.021904892425655506,1,0
extension_anticipated,Akira,AMC Kent Station 14,2026-09-02,2026-09-09,7,1,2026-09-05,8,ordinary,-1.0,5.0,26,1.0,0.0,1.0,2.0,0.9757,0.012313587609576734,0,1
extension_anticipated,Akira,AMC Kent Station 14,2026-09-07,2026-09-10,3,1,2026-09-09,7,ordinary,4.0,1.0,14,0.0,0.0,2.0,3.0,0.9914,0.016214586827268965,0,0
extension_anticipated,Akira,AMC Pacific Place 11,2026-09-01,2026-09-04,3,1,2026-09-02,12,ordinary,-2.0,2.0,3,4.0,0.0,0.0,1.0,0.8637,0.024798159497813613,0,1
extension_anticipated,Akira,AMC Pacific Place 11,2026-09-07,2026-09-08,1,1,2026-09-09,8,ordinary,4.0,2.0,4,4.0,0.0,1.0,6.0,0.9,0.04255810806670506,0,0
extension_anticipated,Akira,AMC Southcenter 16,2026-09-03,2026-09-10,7,1,2026-09-09,6,ordinary,0.0,4.0,30,0.0,0.0,3.0,8.0,0.9074,0.012189076815951235,0,1
extension_anticipated,Akira,AMC Southcenter 16,2026-09-07,2026-09-10,3,1,2026-09-09,6,ordinary,4.0,4.0,16,0.0,0.0,3.0,12.0,0.862,0.01664396056356394,0,0
extension_anticipated,Akira,AMC Woodinville 12,2026-09-02,2026-09-09,7,1,2026-09-09,8,ordinary,-1.0,4.0,25,1.0,0.0,0.0,8.0,0.854,0.012496276056380307,0,1
extension_anticipated,Akira,AMC Woodinville 12,2026-09-07,2026-09-09,2,1,2026-09-09,8,ordinary,4.0,4.0,12,2.0,0.0,0.0,13.0,0.8258,0.023321572901143686,0,0
unexpected_extension,Buddy,AMC Alderwood Mall 16,2026-08-26,2026-09-02,7,1,2026-09-01,29,ordinary,-1.0,3.0,17,0.0,1.0,0.0,1.0,0.7103,0.015927940698251365,1,1
extension_anticipated,Buddy,AMC Alderwood Mall 16,2026-09-07,2026-09-09,2,1,2026-09-09,22,ordinary,11.0,5.0,15,0.0,0.0,2.0,6.0,0.9875,0.012136835346413695,0,0
extension_anticipated,Buddy,AMC Factoria 8,2026-09-02,2026-09-09,7,1,2026-09-09,7,ordinary,-1.0,4.0,25,0.0,0.0,0.0,2.0,0.9319,0.011103285355497287,0,1
extension_anticipated,Buddy,AMC Factoria 8,2026-09-07,2026-09-09,2,1,2026-09-09,7,ordinary,4.0,4.0,12,0.0,0.0,0.0,7.0,0.9214,0.012473903400601139,0,0
unexpected_extension,Buddy,AMC Kent Station 14,2026-08-26,2026-09-02,7,1,2026-09-01,22,ordinary,-1.0,2.0,8,0.0,1.0,0.0,2.0,0.4429,0.018319388603986797,1,1
extension_anticipated,Buddy,AMC Kent Station 14,2026-09-07,2026-09-09,2,1,2026-09-09,15,ordinary,11.0,3.0,9,0.0,0.0,1.0,7.0,0.9641,0.012211139767863748,0,0
extension_anticipated,Buddy,AMC Oak Tree 6,2026-09-02,2026-09-09,7,1,2026-09-09,7,ordinary,-1.0,3.0,19,0.0,0.0,0.0,2.0,0.8782,0.011131521822171154,0,1
extension_anticipated,Buddy,AMC Oak Tree 6,2026-09-07,2026-09-09,2,1,2026-09-09,7,ordinary,4.0,3.0,9,0.0,0.0,0.0,7.0,0.8627,0.01253432341886159,0,0
extension_anticipated,Buddy,AMC Pacific Place 11,2026-09-01,2026-09-04,3,1,2026-09-02,20,ordinary,-2.0,2.0,3,4.0,0.0,0.0,1.0,0.8981,0.016490849105450355,0,1
extension_anticipated,Buddy,AMC Pacific Place 11,2026-09-07,2026-09-09,2,1,2026-09-09,15,ordinary,4.0,1.0,3,0.0,0.0,1.0,6.0,0.9149,0.01266138025964308,0,0
extension_anticipated,Buddy,AMC Southcenter 16,2026-08-25,2026-08-29,4,1,2026-08-26,25,ordinary,-2.0,2.0,4,1.0,0.0,0.0,1.0,0.8039,0.773709679678699,0,1
extension_anticipated,Buddy,AMC Southcenter 16,2026-09-07,2026-09-09,2,1,2026-09-09,14,ordinary,11.0,3.0,9,0.0,0.0,2.0,6.0,0.8814,0.012236728628782481,0,0
unexpected_extension,Buddy,AMC Woodinville 12,2026-08-26,2026-09-02,7,1,2026-09-01,21,ordinary,-1.0,1.0,6,0.0,1.0,0.0,1.0,0.3745,0.015927940698251365,1,1
unexpected_extension,Buddy,AMC Woodinville 12,2026-09-07,2026-09-08,1,1,2026-09-09,15,ordinary,11.0,2.0,4,6.0,0.0,1.0,7.0,0.7218,0.01377464599822211,1,0
unexpected_extension,Fall 2: Deadpoint,AMC Alderwood Mall 16,2026-09-02,2026-09-09,7,1,2026-09-09,8,ordinary,0.0,2.0,14,0.0,1.0,0.0,7.0,0.2955,0.014692599360377463,1,1
unexpected_extension,Fall 2: Deadpoint,AMC Alderwood Mall 16,2026-09-07,2026-09-09,2,1,2026-09-09,8,ordinary,5.0,2.0,6,0.0,1.0,0.0,12.0,0.2223,0.04071400077313367,1,0
unexpected_extension,Fall 2: Deadpoint,AMC Kent Station 14,2026-09-02,2026-09-09,7,1,2026-09-09,8,ordinary,0.0,2.0,14,0.0,1.0,0.0,7.0,0.2571,0.014692599360377463,1,1
unexpected_extension,Fall 2: Deadpoint,AMC Kent Station 14,2026-09-07,2026-09-09,2,1,2026-09-09,8,ordinary,5.0,2.0,6,0.0,1.0,0.0,12.0,0.2033,0.04071400077313367,1,0
extension_anticipated,Fall 2: Deadpoint,AMC Pacific Place 11,2026-09-01,2026-09-04,3,1,2026-09-02,5,ordinary,-3.0,2.0,2,4.0,0.0,0.0,1.0,0.8202,0.06883852722366862,0,1
genuine_trusted,Fall 2: Deadpoint,AMC Pacific Place 11,2026-09-07,2026-09-09,2,0,,0,ordinary,3.0,1.0,4,0.0,1.0,1.0,6.0,0.6567,0.04041385573157736,1,0
unexpected_extension,Fall 2: Deadpoint,AMC Southcenter 16,2026-09-02,2026-09-09,7,1,2026-09-09,7,ordinary,0.0,2.0,14,0.0,1.0,0.0,7.0,0.2373,0.014692599360377463,1,1
unexpected_extension,Fall 2: Deadpoint,AMC Southcenter 16,2026-09-07,2026-09-09,2,1,2026-09-09,7,ordinary,5.0,2.0,5,0.0,1.0,0.0,12.0,0.182,0.0410615669480764,1,0
unexpected_extension,Fall 2: Deadpoint,AMC Woodinville 12,2026-08-27,2026-09-02,6,1,2026-08-28,7,ordinary,-6.0,2.0,2,3.0,0.0,0.0,1.0,0.6879,0.02289100326301943,1,1
genuine_trusted,Fall 2: Deadpoint,AMC Woodinville 12,2026-09-07,2026-09-09,2,0,,0,ordinary,5.0,2.0,7,0.0,1.0,1.0,11.0,0.358,0.04037111470335536,1,0
