title,theater_name,observation_date,segment,archetype,error_archetype,bucket,base_p0,base_p1,base_p2,base_p3,current_week_screenings,opening_week_screenings,current_over_peak,market_theater_count,prime_share
Cars: 20th Anniversary,AMC Woodinville 12,2026-09-08,rerelease,family,"called final, played one more week",1,0.9986371131338778,0.001362412918998303,4.7388490976483997e-07,6.221411376093225e-11,6.0,1.0,1.0,4.0,0.0
Cars: 20th Anniversary,AMC Alderwood Mall 16,2026-09-08,rerelease,family,"called final, played one more week",1,0.9795993808884043,0.020292896241740938,0.000107507493749947,2.153761048551653e-07,16.0,3.0,1.0,4.0,0.0
Coyote vs. Acme,AMC Oak Tree 6,2026-09-15,ambiguous_special,wide,"called final, played one more week",1,0.9138208884720245,0.08415611269395634,0.0020048111111890293,1.8187722830155364e-05,19.0,3.0,0.7916666666666666,7.0,0.47368421052631576
Mighty Mary,AMC Pacific Place 11,2026-09-15,ordinary,documentary,"called final, played one more week",1,0.9092130860556534,0.08853353406959404,0.002231940890757801,2.1438983994728442e-05,14.0,14.0,1.0,1.0,0.42857142857142855
Cars: 20th Anniversary,AMC Southcenter 16,2026-09-08,rerelease,family,"called final, played one more week",1,0.908559793499962,0.08915308572851069,0.0022651900827911505,2.1930688736193676e-05,17.0,3.0,1.0,4.0,0.17647058823529413
Cars: 20th Anniversary,AMC Kent Station 14,2026-09-08,rerelease,family,"called final, played one more week",1,0.9052859171738235,0.09225381623705173,0.0024357519341632735,2.4514654961544634e-05,20.0,3.0,1.0,4.0,0.15
Dear You,AMC Pacific Place 11,2026-09-08,ordinary,specialty/limited,"called final, played two or more",2,0.9014281123418025,0.09589885399969124,0.0026452079817875173,2.7825676718714782e-05,26.0,3.0,1.0,1.0,0.46153846153846156
Dear You,AMC Pacific Place 11,2026-09-15,ordinary,specialty/limited,"called final, played one more week",1,0.8920866024146191,0.10468546994400332,0.0031907970838004752,3.713055757707229e-05,19.0,3.0,0.6785714285714286,1.0,0.42105263157894735
Coyote vs. Acme,AMC Oak Tree 6,2026-09-08,ambiguous_special,wide,"called final, played two or more",2,0.8814337675140949,0.11463562240316907,0.0038803976224756854,5.021246026037917e-05,20.0,3.0,0.8333333333333334,7.0,0.4
Coyote vs. Acme,AMC Factoria 8,2026-09-08,ambiguous_special,wide,"called final, played two or more",3,0.8475325287229828,0.14578256322018118,0.006571190166876768,0.00011371788995925325,27.0,5.0,0.84375,7.0,0.2222222222222222
Teenage Sex and Death at Camp Miasma,AMC Pacific Place 11,2026-09-08,ordinary,horror,"called final, played one more week",1,0.8456287056331553,0.1475074138922721,0.006745423674571333,0.0001184568000012819,11.0,2.0,0.6111111111111112,1.0,0.5454545454545454
MST3K: The RiffTrax Experiments - Sting of Death,AMC Woodinville 12,2026-09-08,special_event,wide,"called final, played one more week",1,0.844625435997163,0.14841529749201535,0.00683825546250817,0.00012101104831348311,1.0,1.0,1.0,4.0,1.0
Mirzapur,AMC Southcenter 16,2026-09-08,ordinary,specialty/limited,"called final, played one more week",1,0.8384783053574302,0.15396171199694672,0.007422436178646949,0.00013754646697616181,6.0,6.0,1.0,1.0,0.8333333333333334
Coyote vs. Acme,AMC Pacific Place 11,2026-09-08,ambiguous_special,wide,"called final, played two or more",3,0.7745738922480376,0.20985799688437448,0.01514412680624163,0.0004239840613462506,22.0,4.0,0.7857142857142857,7.0,0.4090909090909091
MST3K: The RiffTrax Experiments - Sting of Death,AMC Kent Station 14,2026-09-08,special_event,wide,"called final, played one more week",1,0.7697429270988786,0.2139439776121971,0.015856799212177444,0.0004562960767468454,1.0,1.0,1.0,4.0,1.0
Coyote vs. Acme,AMC Woodinville 12,2026-09-08,ambiguous_special,wide,"called final, played two or more",2,0.7356705598138733,0.24215163333253842,0.021436859656529864,0.0007409471970584038,30.0,5.0,0.6122448979591837,7.0,0.3
Hanuman Ansh,AMC Alderwood Mall 16,2026-09-15,ordinary,specialty/limited,"called final, played one more week",1,0.7305654274511088,0.24628216285565596,0.022359153453082987,0.000793256240152288,13.0,13.0,1.0,1.0,0.6923076923076923
Hope,AMC Oak Tree 6,2026-09-15,ordinary,wide,"called final, played one more week",1,0.7050826272280486,0.26650338988500316,0.02731491594303184,0.0010990669439164223,18.0,18.0,1.0,6.0,0.3888888888888889
The Passion of the Christ (2026 Event),AMC Kent Station 14,2026-09-08,special_event,unclassified,"called final, played one more week",1,0.6913360774117103,0.27712535615711903,0.030239775785850506,0.0012987906453201237,1.0,1.0,1.0,3.0,1.0
Coyote vs. Acme,AMC Woodinville 12,2026-09-14,ambiguous_special,wide,"called final, played one more week",1,0.6840064430536609,0.28270324510875655,0.03187381372418183,0.0014164981134007668,28.0,5.0,0.5714285714285714,7.0,0.39285714285714285
The Fix,AMC Southcenter 16,2026-09-15,ordinary,wide,"called final, played one more week",1,0.6775238163188111,0.28758552723916775,0.0333630793292967,0.001527577112724445,15.0,1.0,1.0,4.0,0.4666666666666667
MST3K: The RiffTrax Experiments - Sting of Death,AMC Alderwood Mall 16,2026-09-08,special_event,wide,"called final, played one more week",1,0.6679848806004156,0.2946805051151944,0.03563095544099966,0.0017036588433903186,2.0,2.0,1.0,4.0,1.0
The Fix,AMC Kent Station 14,2026-09-08,ordinary,unclassified,"called final, played one more week",1,0.6584635748700094,0.30165385096448266,0.037987152051481066,0.0018954221140268816,1.0,1.0,1.0,3.0,0.0
Akira,AMC Pacific Place 11,2026-09-08,ordinary,family,"called final, played one more week",1,0.65209847656552,0.3062535974908564,0.03961479881697627,0.002033127126647319,13.0,1.0,1.0,5.0,0.46153846153846156
MST3K: The RiffTrax Experiments - Sting of Death,AMC Southcenter 16,2026-09-08,special_event,wide,"called final, played one more week",1,0.6403592697584525,0.31460294837043784,0.042729257561163136,0.002308524309946553,1.0,1.0,1.0,4.0,1.0
Buddy,AMC Factoria 8,2026-09-08,ordinary,horror,"called final, played one more week",1,0.6064921468702283,0.3376632672025076,0.052563792760414015,0.0032807931668500383,27.0,2.0,1.0,7.0,0.2962962962962963
Oasis: Don't Look Back in Anger,AMC Woodinville 12,2026-09-14,ordinary,documentary,"called final, played one more week",1,0.6006675464763795,0.3414671309226506,0.054387078145941695,0.0034782444550282058,19.0,3.0,1.0,4.0,0.2631578947368421
Buddy,AMC Pacific Place 11,2026-09-15,ordinary,horror,"called final, played one more week",1,0.6000519826302244,0.3418662370848016,0.0545820963780031,0.0034996839069708565,8.0,1.0,0.8,7.0,0.75
Ghost in the Shell 30th Anniversary,AMC Southcenter 16,2026-09-15,rerelease,family,"called final, played one more week",1,0.5955763589896754,0.34475118807600313,0.05601350864418245,0.0036589442901389744,1.0,1.0,1.0,2.0,1.0
Buddy,AMC Oak Tree 6,2026-09-08,ordinary,horror,"called final, played one more week",1,0.5695920173892419,0.36089494634295766,0.06480248212953499,0.004710554138265456,20.0,2.0,1.0,7.0,0.35
The Passion of the Christ (2026 Event),AMC Alderwood Mall 16,2026-09-08,special_event,unclassified,"called final, played one more week",1,0.5612709753716127,0.36583693972998477,0.06779430663848263,0.005097778259919885,1.0,1.0,1.0,3.0,1.0
The Passion of the Christ (2026 Event),AMC Southcenter 16,2026-09-08,special_event,unclassified,"called final, played one more week",1,0.5560011314816531,0.36890711383367103,0.06973478040826879,0.005356974276407094,1.0,1.0,1.0,3.0,1.0
Coyote vs. Acme,AMC Kent Station 14,2026-09-14,ambiguous_special,wide,"called final, played two or more",3,0.5545429320139826,0.3697483402943419,0.07027804664004755,0.005430681051627908,29.0,6.0,0.5178571428571429,7.0,0.3103448275862069
The Uprising,AMC Pacific Place 11,2026-09-15,ordinary,wide,"called final, played one more week",1,0.5541559462770301,0.36997098037628273,0.07042268443694058,0.0054503889097465555,22.0,3.0,1.0,6.0,0.4090909090909091
Coyote vs. Acme,AMC Southcenter 16,2026-09-08,ambiguous_special,wide,"called final, played two or more",3,0.5512953909391598,0.37160873778570475,0.07149786742852238,0.005598003846613086,28.0,6.0,0.6363636363636364,7.0,0.32142857142857145
Buddy,AMC Pacific Place 11,2026-09-08,ordinary,horror,"called final, played two or more",2,0.548719710206064,0.3730712993998452,0.07247511007264504,0.005733880321445736,9.0,1.0,1.0,7.0,0.7777777777777778
Coyote vs. Acme,AMC Alderwood Mall 16,2026-09-08,ambiguous_special,wide,"called final, played two or more",3,0.5393409786075671,0.37829838654901676,0.07610737014632087,0.006253264697095246,32.0,6.0,0.5818181818181818,7.0,0.40625
By Any Means,AMC Alderwood Mall 16,2026-09-08,ordinary,wide,"called a long run, stopped after one more week",1,0.04559299565304972,0.15063571835305914,0.26670389534210015,0.537067390651791,36.0,5.0,1.0,7.0,0.3888888888888889
The Fix,AMC Alderwood Mall 16,2026-09-08,ordinary,unclassified,"called final, played one more week",1,0.5240822767602342,0.3864619823308868,0.08226899131671671,0.007186749592162288,1.0,1.0,1.0,3.0,0.0
The Fix,AMC Southcenter 16,2026-09-08,ordinary,unclassified,"called final, played two or more",2,0.5187487479183603,0.3892125165052126,0.08449781725728522,0.007540918319141846,1.0,1.0,1.0,3.0,0.0
