model,mode,features,n,log_loss,brier,pr_auc_final_week,pr_auc_exactly_1,pr_auc_exactly_2,pr_auc_3_plus,pr_auc_gone_within_2_weeks,median_abs_error_capped,accuracy,ranking_pairwise
pr140_baseline,baseline,39,405,0.7922661143739411,0.3994090608184445,0.8913085697925266,0.3913057677024216,0.21342811643723217,0.6774772851518515,0.9746446995510807,0.3084887561274101,0.6962962962962963,0.8531913627981679
opening_footprint,cumulative,50,405,0.7273115637950004,0.3537960657253071,0.9095179805895279,0.45369365392339034,0.24539076741720792,0.796162092634904,0.9772790808071061,0.20659650923107392,0.7506172839506173,0.8770447921004104
opening_footprint,added_alone,50,405,0.7273115637950004,0.3537960657253071,0.9095179805895279,0.45369365392339034,0.24539076741720792,0.796162092634904,0.9772790808071061,0.20659650923107392,0.7506172839506173,0.8770447921004104
schedule_quality,cumulative,55,405,0.7302621097081881,0.357345254875904,0.917135448279478,0.4345275960817816,0.2216525002686923,0.7939989128899421,0.9772024863659411,0.20804625219534667,0.7382716049382716,0.8774611861281304
schedule_quality,added_alone,44,405,0.7930880125706883,0.4016841625230211,0.8933580502953928,0.3974930465692561,0.19439739026917577,0.6816969782674012,0.9742499184710844,0.30122379996031673,0.7061728395061728,0.8511093926595681
market_shape,cumulative,60,405,0.7654162113484306,0.37894417202008696,0.9066847839880597,0.37704193661530716,0.18310364996970874,0.7931948396593742,0.9768053115024192,0.24974950951036323,0.7160493827160493,0.8766283980726906
market_shape,added_alone,44,405,0.8173109660849757,0.41267731979289946,0.8769044330867342,0.35920217748776206,0.17763866157613012,0.7090736309740715,0.9725503561120035,0.3105150036327778,0.6839506172839506,0.8461126643269288
safe_metadata,cumulative,71,405,0.9064095415507734,0.39615001295503716,0.8809435136051967,0.43462855591320404,0.2625501267267014,0.7428267842067157,0.95621078734546,0.24719836087622518,0.7283950617283951,0.8448039973826661
safe_metadata,added_alone,50,405,1.035470563125487,0.4533448673804214,0.8699701924353365,0.33659173382818136,0.19577344496519267,0.550941439690343,0.9453923076713491,0.33448948476801454,0.6691358024691358,0.7982273511391351
archetype,cumulative,81,405,0.8961957392540387,0.3956650515013343,0.8820005466459564,0.4316625872174714,0.23419627351438965,0.7497270293839688,0.9583352941166026,0.25292047191923483,0.7185185185185186,0.842484087799655
archetype,added_alone,49,405,0.8804565265955292,0.4318253625036913,0.8758101677652402,0.36934156994040684,0.2464194301337976,0.6185677376888182,0.9678183408687799,0.314754221366103,0.6765432098765433,0.8258283266908572
competition,cumulative,85,405,1.028548393546991,0.4091307194503867,0.8860564198419992,0.3956680442993707,0.24312098363213985,0.7418032175371494,0.9595328776741776,0.11654822904371569,0.7135802469135802,0.8422461483552436
competition,added_alone,43,405,0.8191376969681112,0.402792682502483,0.886404622066248,0.41478779499581003,0.26181344848273286,0.7349328998888095,0.9779938396721767,0.2086380774836529,0.6987654320987654,0.8579501516863958
auditorium_price,cumulative,88,405,1.0155543841074464,0.4046451510928525,0.9021717504675548,0.3981337091377327,0.2760835030030205,0.758322339465964,0.9648596710143513,0.1211825431565345,0.7185185185185186,0.8496817559930998
auditorium_price,added_alone,42,405,0.7558852124106046,0.3847677756986338,0.9031325217604358,0.42130708891231566,0.287488947472293,0.7383753218872641,0.9778254326930731,0.2781988527285607,0.725925925925926,0.8680625780738802
interactions,cumulative,93,405,1.062902507321477,0.41080749025208857,0.8916849780608487,0.4353216067917572,0.3221850479747895,0.7589190279956375,0.9605015741492882,0.1069848985403147,0.7234567901234568,0.8424246029385521
interactions,added_alone,44,405,0.7755514843970093,0.3859980989636158,0.8932357886474921,0.3925593384290441,0.2291164281521197,0.7192785985744109,0.9744432433436472,0.28272841529998016,0.7135802469135802,0.8603295461305098
known_future_commitment,added_alone_to_full,94,405,1.0670561694446261,0.4115381664791054,0.8914875675478265,0.42515098915278016,0.31985977739440696,0.7576908208836222,,0.10458912373499307,0.725925925925926,0.8423651180774493
