Film,Theater,first_announced_date,last_seen_date
NARROW MARGIN RELEASE PARTY: BUCHANAN RIDES ALONE,The Beacon,2026-09-20,2026-09-27
PULP: What Do You Do for an Encore?,SIFF Cinema Uptown,2026-09-21,2026-09-24
Hundreds of Beavers,Central Cinema,2026-09-21,2026-09-24
Shu Lea Cheang double feature: I.K.U. (Director’s Cut) and UKI,Northwest Film Forum,2026-09-21,2026-09-27
Don’t Play With Fire – New Restoration,SIFF Film Center,2026-09-21,2026-09-27
From Beyond,SIFF Film Center,2026-09-21,2026-09-27
Society,SIFF Film Center,2026-09-21,2026-09-27
EGG,SIFF Film Center,2026-09-21,2026-09-27
Session 9 (with Climax Golden Twins!),SIFF Film Center,2026-09-21,2026-09-27
An Aria on Gazes – New Restoration,SIFF Film Center,2026-09-21,2026-09-27
Videodrome: The Director’s Cut,SIFF Film Center,2026-09-21,2026-09-27
I Walked with a Zombie,SIFF Film Center,2026-09-21,2026-09-27
Black Zombie,SIFF Film Center,2026-09-21,2026-09-27
Television Terror Triple Feature Pizza Party 2,SIFF Film Center,2026-09-21,2026-09-27
A Chinese Ghost Story – New 4K Restoration,SIFF Film Center,2026-09-21,2026-09-27
"The Most Dangerous Game (1932) plus shorts, on 16mm",SIFF Film Center,2026-09-21,2026-09-27
Night of the Vamp-Friars,Central Cinema,2026-09-21,2026-09-27
Street Fighter,AMC Kent Station 14,2026-09-21,2026-09-27
Street Fighter: Bonus Round Fan Event,AMC Kent Station 14,2026-09-21,2026-09-27
Street Fighter: Bonus Round Fan Event,AMC Southcenter 16,2026-09-21,2026-09-27
Street Fighter,AMC Southcenter 16,2026-09-21,2026-09-27
Street Fighter,AMC Pacific Place 11,2026-09-21,2026-09-27
Street Fighter,AMC Factoria 8,2026-09-21,2026-09-27
Street Fighter,AMC Oak Tree 6,2026-09-21,2026-09-27
Street Fighter,AMC Woodinville 12,2026-09-21,2026-09-27
Street Fighter: Bonus Round Fan Event,AMC Woodinville 12,2026-09-21,2026-09-27
Street Fighter,AMC Alderwood Mall 16,2026-09-21,2026-09-27
Street Fighter: Bonus Round Fan Event,AMC Alderwood Mall 16,2026-09-21,2026-09-27
Capturing Bigfoot,SIFF Cinema Uptown,2026-09-22,2026-09-27
Digger,SIFF Cinema Downtown,2026-09-22,2026-09-27
Glen Canyon Institute's What the River Knows,SIFF Cinema Uptown,2026-09-22,2026-09-27
A BAY OF BLOOD,The Beacon,2026-09-22,2026-09-27
MOTEL HELL,The Beacon,2026-09-22,2026-09-27
NEXT OF KIN,The Beacon,2026-09-22,2026-09-24
THE ABOMINABLE DR. PHIBES,The Beacon,2026-09-22,2026-09-27
THE HAUNTING OF JULIA,The Beacon,2026-09-22,2026-09-27
Zi,Northwest Film Forum,2026-09-22,2026-09-27
The Stunt Driver,AMC Kent Station 14,2026-09-22,2026-09-27
The Social Reckoning,AMC Kent Station 14,2026-09-22,2026-09-27
Your Mother Your Mother Your Mother,AMC Kent Station 14,2026-09-22,2026-09-27
Back to the Future Day 2026,AMC Kent Station 14,2026-09-22,2026-09-27
The Social Reckoning,AMC Southcenter 16,2026-09-22,2026-09-27
Back to the Future Day 2026,AMC Southcenter 16,2026-09-22,2026-09-27
Charlie Harper,AMC Pacific Place 11,2026-09-22,2026-09-27
"You Had to Be There: How the Toronto Godspell Ignited the Comedy Revolution, Spread Love & Overalls.",AMC Pacific Place 11,2026-09-22,2026-09-27
The Stunt Driver,AMC Pacific Place 11,2026-09-22,2026-09-27
The Social Reckoning,AMC Pacific Place 11,2026-09-22,2026-09-27
The Social Reckoning,AMC Factoria 8,2026-09-22,2026-09-27
The Social Reckoning,AMC Oak Tree 6,2026-09-22,2026-09-27
The Social Reckoning,AMC Woodinville 12,2026-09-22,2026-09-27
Your Mother Your Mother Your Mother,AMC Woodinville 12,2026-09-22,2026-09-27
The Social Reckoning,AMC Alderwood Mall 16,2026-09-22,2026-09-27
Back to the Future Day 2026,AMC Alderwood Mall 16,2026-09-22,2026-09-27
Joybubbles,SIFF Film Center,2026-09-23,2026-09-27
FLYING EMBERS AND A FORTRESS,The Beacon,2026-09-23,2026-09-27
IDLE HANDS,The Beacon,2026-09-23,2026-09-27
Digger,AMC Kent Station 14,2026-09-23,2026-09-27
Hostel 20th Anniversary - Welcome to Horrorwood Series,AMC Kent Station 14,2026-09-23,2026-09-27
AMC Screen Unseen: October 5,AMC Kent Station 14,2026-09-23,2026-09-27
WILDWOOD Fan First Screening,AMC Kent Station 14,2026-09-23,2026-09-27
"Ha-Chan, Shake Your Booty!",AMC Southcenter 16,2026-09-23,2026-09-27
The Stunt Driver,AMC Southcenter 16,2026-09-23,2026-09-27
The Vvaan: Force of the Forrest,AMC Southcenter 16,2026-09-23,2026-09-27
Digger,AMC Southcenter 16,2026-09-23,2026-09-27
Hostel 20th Anniversary - Welcome to Horrorwood Series,AMC Southcenter 16,2026-09-23,2026-09-27
AMC Screen Unseen: October 5,AMC Southcenter 16,2026-09-23,2026-09-27
Your Mother Your Mother Your Mother,AMC Southcenter 16,2026-09-23,2026-09-27
Ozzy & Black Sabbath: Back To The Beginning,AMC Southcenter 16,2026-09-23,2026-09-27
Digger,AMC Pacific Place 11,2026-09-23,2026-09-27
AMC Screen Unseen: October 5,AMC Pacific Place 11,2026-09-23,2026-09-27
You Can See Everything,AMC Pacific Place 11,2026-09-23,2026-09-27
Digger,AMC Factoria 8,2026-09-23,2026-09-27
AMC Screen Unseen: October 5,AMC Factoria 8,2026-09-23,2026-09-27
Digger,AMC Oak Tree 6,2026-09-23,2026-09-27
AMC Screen Unseen: October 5,AMC Oak Tree 6,2026-09-23,2026-09-27
Digger,AMC Woodinville 12,2026-09-23,2026-09-27
AMC Screen Unseen: October 5,AMC Woodinville 12,2026-09-23,2026-09-27
WILDWOOD Fan First Screening,AMC Woodinville 12,2026-09-23,2026-09-27
"You Had to Be There: How the Toronto Godspell Ignited the Comedy Revolution, Spread Love & Overalls.",AMC Alderwood Mall 16,2026-09-23,2026-09-27
Digger,AMC Alderwood Mall 16,2026-09-23,2026-09-27
Hostel 20th Anniversary - Welcome to Horrorwood Series,AMC Alderwood Mall 16,2026-09-23,2026-09-27
AMC Screen Unseen: October 5,AMC Alderwood Mall 16,2026-09-23,2026-09-27
Your Mother Your Mother Your Mother,AMC Alderwood Mall 16,2026-09-23,2026-09-27
Ozzy & Black Sabbath: Back To The Beginning,AMC Alderwood Mall 16,2026-09-23,2026-09-27
Rammstein - Live in Mexico City,AMC Alderwood Mall 16,2026-09-23,2026-09-27
Camp Napalm presents: Basic Instinct,Central Cinema,2026-09-23,2026-09-27
The History of Concrete,SIFF Cinema Uptown,2026-09-24,2026-09-27
The Films of Andrzej Wajda: A Generation,SIFF Film Center,2026-09-24,2026-09-27
The Films of Andrzej Wajda: Everything for Sale,SIFF Film Center,2026-09-24,2026-09-27
The Films of Andrzej Wajda: Kanał,SIFF Film Center,2026-09-24,2026-09-27
The Films of Andrzej Wajda: The Birch Wood,SIFF Film Center,2026-09-24,2026-09-27
The Films of Andrzej Wajda: The Promised Land,SIFF Film Center,2026-09-24,2026-09-27
The Films of Andrzej Wajda: The Wedding,SIFF Film Center,2026-09-24,2026-09-27
Frankenstein (1931),Central Cinema,2026-09-24,2026-09-27
Fright Night,Central Cinema,2026-09-24,2026-09-27
Rolling Loud: The Movie,AMC Southcenter 16,2026-09-24,2026-09-27
Beware Boiuna,AMC Southcenter 16,2026-09-24,2026-09-27
Ghost in the Cell,AMC Southcenter 16,2026-09-24,2026-09-27
Your Mother Your Mother Your Mother,AMC Pacific Place 11,2026-09-24,2026-09-27
Beware Boiuna,AMC Alderwood Mall 16,2026-09-24,2026-09-27
KEN RUSSELL'S THE DEVILS,SIFF Cinema Uptown,2026-09-25,2026-09-27
Lady,SIFF Cinema Uptown,2026-09-25,2026-09-27
California Schemin',AMC Southcenter 16,2026-09-25,2026-09-27
The Influencer Project,AMC Woodinville 12,2026-09-25,2026-09-27
Forgotten Island: Sensory Friendly Screening,AMC Woodinville 12,2026-09-25,2026-09-27
Nature is a Language (16mm & 35mm),SIFF Film Center,2026-09-26,2026-09-27
Withdrawal,SIFF Film Center,2026-09-26,2026-09-27
9 to 5,AMC Kent Station 14,2026-09-26,2026-09-27
9 to 5,AMC Southcenter 16,2026-09-26,2026-09-27
Doctor Who: The Satan Pit,AMC Southcenter 16,2026-09-26,2026-09-27
9 to 5,AMC Alderwood Mall 16,2026-09-26,2026-09-27
#VYMARA,AMC Alderwood Mall 16,2026-09-26,2026-09-27
Doctor Who: The Satan Pit,AMC Alderwood Mall 16,2026-09-26,2026-09-27
STUFF 2026: Understanding Myself as an Amphibian + Objectionable Fruit,Northwest Film Forum,2026-09-27,2026-09-27
STUFF 2026: Scare Package (Shorts),Northwest Film Forum,2026-09-27,2026-09-27
STUFF 2026: Trans Panic!,Northwest Film Forum,2026-09-27,2026-09-27
STUFF 2026: Entanglements (Shorts),Northwest Film Forum,2026-09-27,2026-09-27
STUFF 2026: Jucks + If I'm Here It Is By Mystery,Northwest Film Forum,2026-09-27,2026-09-27
STUFF 2026: Drawn to Life (Shorts),Northwest Film Forum,2026-09-27,2026-09-27
STUFF 2026: Flesh & Fluids (Shorts),Northwest Film Forum,2026-09-27,2026-09-27
STUFF 2026: Mutable Archive (Shorts),Northwest Film Forum,2026-09-27,2026-09-27
STUFF 2026: Trans-It (Shorts),Northwest Film Forum,2026-09-27,2026-09-27
STUFF 2026: Castration Movie Chapter iii. Junior Ghosts—Premorphic Drift; a fragmentary passage,Northwest Film Forum,2026-09-27,2026-09-27
STUFF 2026: We Live!!! (Shorts),Northwest Film Forum,2026-09-27,2026-09-27
California Schemin',AMC Pacific Place 11,2026-09-27,2026-09-27
La Bola Negra,AMC Pacific Place 11,2026-09-27,2026-09-27
