title,theater,observation_date,predicted_positive,score,actual_leaves_within_7,segment,known_last_show_date,friday_completeness,film_has_friday,screenings_today,screenings_next_7,market_theater_count,delta_market_theater_count_7d,days_since_opening,final_date_stable_snapshots,production_p7,new_model_score
Buddy,AMC Woodinville 12,2026-09-07,1,0.9869,0,ordinary,2026-09-08,0.32432432432432434,0,2,4,7.0,3.0,11,7,0.01377464599822211,0.9869
Teenage Sex and Death at Camp Miasma,AMC Pacific Place 11,2026-09-07,1,0.9846,0,ordinary,2026-09-09,0.3225806451612903,0,2,6,1.0,-2.0,18,6,0.8891960929915741,0.9846
Akira,AMC Pacific Place 11,2026-09-07,1,0.9749,0,ordinary,2026-09-08,0.3225806451612903,0,2,4,5.0,nan,4,6,0.04255810806670506,0.9749
Fall 2: Deadpoint,AMC Alderwood Mall 16,2026-09-07,1,0.9671,0,ordinary,2026-09-09,0.27710843373493976,0,2,6,5.0,1.0,5,12,0.04071400077313367,0.9671
"You Had to Be There: How the Toronto Godspell Ignited the Comedy Revolution, Spread Love & Overalls.",AMC Pacific Place 11,2026-09-22,1,0.962,0,ordinary,2026-09-25,0.8913043478260869,1,0,3,1.0,nan,-2,1,0.9098716170842692,0.962
Charlie Harper,AMC Pacific Place 11,2026-09-22,1,0.9595,0,ordinary,2026-09-25,0.8913043478260869,1,0,2,3.0,nan,-2,1,0.7191157331785917,0.9595
Fall 2: Deadpoint,AMC Kent Station 14,2026-09-07,1,0.9557,0,ordinary,2026-09-09,0.3291139240506329,0,2,6,5.0,1.0,5,12,0.04071400077313367,0.9557
Mirzapur,AMC Southcenter 16,2026-09-07,1,0.9547,0,ordinary,2026-09-09,0.2857142857142857,0,1,3,1.0,nan,3,6,0.9105802065540853,0.9547
Fall 2: Deadpoint,AMC Southcenter 16,2026-09-07,1,0.9547,0,ordinary,2026-09-09,0.2857142857142857,0,1,5,5.0,1.0,5,12,0.0410615669480764,0.9547
Dear You,AMC Pacific Place 11,2026-09-07,1,0.9533,0,ordinary,2026-09-09,0.3225806451612903,0,4,12,1.0,0.0,4,13,0.8569004107829966,0.9533
Buddy,AMC Pacific Place 11,2026-09-07,1,0.9497,0,ordinary,2026-09-09,0.3225806451612903,0,1,3,7.0,nan,4,6,0.01266138025964308,0.9497
The Stunt Driver,AMC Pacific Place 11,2026-09-22,1,0.9349,0,ordinary,2026-09-25,0.8913043478260869,1,0,3,2.0,nan,-2,1,0.8992407097050272,0.9349
Coyote vs. Acme,AMC Pacific Place 11,2026-09-07,1,0.9288,0,ambiguous_special,2026-09-09,0.3225806451612903,0,3,9,7.0,0.0,11,6,0.8606104559212137,0.9288
The Paradise (Telugu),AMC Alderwood Mall 16,2026-09-17,1,0.918,0,ambiguous_limited,2026-09-23,0.8536585365853658,0,0,1,4.0,nan,-6,1,0.2888350186644233,0.918
