feature,coefficient
announced_horizon_days,-4.108853345477883
days_to_known_last,-4.108853345477868
showtimes_per_active_day,-2.6755848395928483
screenings_next_7,2.5586350307908514
farthest_show_date_delta,-2.1158721066499138
days_since_last_extension,1.9892603433253744
days_with_announced_showtimes,1.7886472237109756
longest_continuous_run_so_far,-1.7045524937743106
theatrical_week_number,1.6710339108957597
final_date_stable_snapshots,-1.653056273772309
premium_format_count,1.4752244286563836
days_since_run_start,-1.4742875916895082
prime_time_showtime_count,-1.1984634325393373
screenings_next_3,-0.9505879994610535
market_screenings_next_7,-0.8504892055686873
film_has_programming_week,0.8447385284849039
screenings_today,0.8201957385304424
film_has_friday,-0.8126377375328585
theater_weekday_baseline,-0.7251282887536611
final_date_moved_last_1,0.7157960887153055
days_to_wednesday,0.7101308220925385
observations_since_run_start,0.6085505045470355
market_screenings_today,0.6038853860279277
known_last_is_wednesday,-0.600576720732432
left_truncated,0.5806685960038376
friday_substantially_published,0.5565055777602224
prime_share,0.5552623702076729
avg_screenings_prior_7_play_days,-0.5502263500588429
week_completeness,0.5170574408257732
pre_opening,0.506528276418105
theater_screenings_today,0.5063018027653274
known_last_is_thursday,-0.4897542046646652
market_theater_count_7d_ago,-0.4749750326284735
showtime_count,-0.4680602476394505
known_span_days,0.43693279966732224
delta_7day_avg,0.43297154171328633
in_first_week,-0.4212675376143627
weekday,0.39312915428663026
days_since_first_screening,0.38054836663598457
market_share_absent_friday,0.36672071105528503
lost_prime_time_coverage,0.3554354012482761
has_weekend,-0.33018739951375276
weekend_showtime_count,0.32042150211122783
days_to_thursday,0.31928452188269063
friday_highly_complete,-0.2672528978801862
final_date_moved_last_2,0.2644877721404463
last_extension_days,-0.2618681746740811
premium_format_share,-0.256561515883488
film_has_weekend,0.24390412823257396
screenings_tomorrow,-0.24101625904404828
delta_market_theater_count_7d,-0.23500278030003807
theater_today_vs_baseline,-0.1823150430931894
second_week_visible,0.17973723633501634
is_first_week,0.1781406639960158
percent_decline_from_peak,0.17258750262628308
segment_rerelease,-0.16213091172488747
incumbent_absent_friday_screenings,-0.13459169165353815
in_second_week,-0.12851387460945346
segment_from_catalog,-0.12596918054727865
segment_confidence_high,-0.12596918054727865
delta_vs_prior_programming_week,0.12108690432206357
market_theaters_with_friday,-0.11863494933857506
market_theater_count_3d_ago,-0.1184683296923666
in_later_week,-0.10962020526752234
delta_3day_avg,-0.09980896219626872
market_theaters_absent_friday,0.09785896595019473
known_span_at_least_7,0.09600195578914633
segment_other,0.08612779909417785
avg_screenings_prior_3_play_days,0.06956810392356017
days_until_friday,0.06760526388555319
extension_count_so_far,-0.05766625560216223
distinct_films_upcoming_week,-0.05618494564149991
weekend_share,-0.054007673418667246
week_substantially_published,-0.0536774228944932
final_date_moved_last_3,0.05095013686784977
consecutive_days_at_most_1,0.043328676483186265
horizon_at_ceiling,-0.0418443800264945
market_theater_count,-0.03444326943361443
consecutive_days_at_most_2,0.032767247940422496
new_films_on_friday,0.029174498769833506
incoming_friday_screenings,-0.02870643247847559
premium_disappeared,0.025055031091900232
delta_showtime_count,-0.020252970550376472
segment_special,0.01694939156103688
friday_completeness,0.0072426699633574565
friday_volume_vs_baseline,0.0072426699633574565
is_special,0.00044612454301920805
segment_ordinary,-0.00044612454301920805
friday_published_any,0.0
