feature,family,n,missing_share,median,mean
days_since_run_start,existing,21057,0.0,0.0,4.4912855582466635
observations_since_run_start,existing,21057,0.0,10.0,13.013249750676735
showtime_count,existing,21057,0.0,6.0,18.04231371990312
days_with_announced_showtimes,existing,21057,0.0,3.0,4.430973073087334
announced_horizon_days,existing,21057,0.0,7.0,16.627724747114975
showtimes_per_active_day,existing,21057,0.0,2.0,2.802351506020544
weekend_showtime_count,existing,21057,0.0,2.0,7.587785534501591
prime_time_showtime_count,existing,21057,0.0,2.0,6.687277389941587
premium_format_count,existing,21057,0.0,0.0,4.029253929809564
premium_format_share,existing,21057,0.0,0.0,0.10329358422259237
weekend_share,existing,21057,0.0,0.42857142857142855,0.3773677631620881
prime_share,existing,21057,0.0,0.4057971014492754,0.4533908670105317
delta_showtime_count,existing,21057,0.0,0.0,-0.21546279147076983
farthest_show_date_delta,existing,21057,0.0,0.0,0.2942964334900508
days_to_wednesday,existing,21057,0.0,3.0,2.9654746640072185
weekday,existing,21057,0.0,3.0,2.9206439663769768
left_truncated,existing,21057,0.0,0.0,0.010542812366433965
lost_prime_time_coverage,existing,21057,0.0,0.0,0.2046825283753621
horizon_at_ceiling,existing,21057,0.0,0.0,0.32260056038372037
has_weekend,existing,21057,0.0,1.0,0.6920738946668566
is_first_week,existing,21057,0.0,1.0,0.7985468015386807
is_special,existing,21057,0.0,0.0,0.4493517595099017
days_until_friday,publication,21057,0.0,3.0,2.9609156100109226
friday_published_any,publication,21057,0.0,1.0,1.0
friday_completeness,publication,21057,0.04886736002279527,0.6380368098159509,0.6171567459999775
week_completeness,publication,21057,0.011682575865507907,0.6762114537444934,0.5908945312319762
friday_substantially_published,publication,21057,0.0,0.0,0.37982618606639124
week_substantially_published,publication,21057,0.0,0.0,0.2526475756280572
friday_highly_complete,publication,21057,0.0,0.0,0.14854917604597045
film_has_friday,publication,21057,0.0,0.0,0.2548796124804103
film_has_weekend,publication,21057,0.0,0.0,0.3038419527947951
film_has_programming_week,publication,21057,0.0,0.0,0.46796789666144273
days_to_known_last,publication,21057,0.0,7.0,16.627724747114975
screenings_today,contraction,21057,0.0,0.0,1.652134682053474
screenings_tomorrow,contraction,21057,0.0,0.0,1.6390274018141235
screenings_next_3,contraction,21057,0.0,0.0,4.864368143610201
screenings_next_7,contraction,21057,0.0,1.0,9.61537730920834
avg_screenings_prior_3_play_days,contraction,21057,0.6478605689319467,4.0,4.65122499438076
avg_screenings_prior_7_play_days,contraction,21057,0.6478605689319467,4.0,4.9184115210480694
delta_vs_prior_programming_week,contraction,21057,0.0,0.0,-3.0098304601795127
delta_3day_avg,contraction,21057,0.7347200455905399,-0.33333333333333304,-0.4926005489915264
delta_7day_avg,contraction,21057,0.8155482737332004,-1.0,-1.3920479623363247
percent_decline_from_peak,contraction,21057,0.0,0.0,0.11699398074372167
consecutive_days_at_most_1,contraction,21057,0.0,0.0,0.1841192952462364
consecutive_days_at_most_2,contraction,21057,0.0,0.0,0.42522676544616994
premium_disappeared,contraction,21057,0.0,0.0,0.003704231371990312
market_theater_count,market,21057,0.0,4.0,4.663009925440471
market_theater_count_3d_ago,market,21057,0.1747162463788764,5.0,4.779146046725745
market_theater_count_7d_ago,market,21057,0.3819157524813601,5.0,4.976181329235498
delta_market_theater_count_7d,market,21057,0.3819157524813601,0.0,-0.08252016903572801
market_screenings_today,market,21057,0.0,0.0,10.075509331813649
market_screenings_next_7,market,21057,0.0,6.0,59.26632473761695
market_theaters_with_friday,market,21057,0.0,0.0,1.3902740181412356
market_theaters_absent_friday,market,21057,0.0,3.0,3.270741321175856
market_share_absent_friday,market,21057,0.0,1.0,0.7450285732377199
segment_ordinary,segment,21057,0.0,1.0,0.5506482404900983
segment_rerelease,segment,21057,0.0,0.0,0.06439663769767773
segment_special,segment,21057,0.0,0.0,0.3046492852733058
segment_other,segment,21057,0.0,0.0,0.08030583653891818
segment_from_catalog,segment,21057,0.0,1.0,0.9269126656218835
segment_confidence_high,segment,21057,0.0,1.0,0.9269126656218835
pre_opening,segment,21057,0.0,1.0,0.5998480315334568
known_span_at_least_7,segment,21057,0.0,1.0,0.5198271358693071
second_week_visible,segment,21057,0.0,0.0,0.340171914327777
theater_weekday_baseline,theater,21057,0.06453910813506197,79.0,69.56663113006397
theater_screenings_today,theater,21057,0.0,66.0,64.46545091893432
theater_today_vs_baseline,theater,21057,0.06453910813506197,0.9058823529411765,0.9183900131333664
friday_volume_vs_baseline,theater,21057,0.04886736002279527,0.6380368098159509,0.6171567459999775
distinct_films_upcoming_week,theater,21057,0.0,19.0,20.271928574820723
incoming_friday_screenings,theater,21057,0.0,20.0,20.56199838533504
new_films_on_friday,theater,21057,0.0,5.0,5.208956641496889
incumbent_absent_friday_screenings,theater,21057,0.0,170.0,238.89101011540106
final_date_stable_snapshots,stability,21057,0.0,5.0,6.248848363964477
final_date_moved_last_1,stability,21057,0.0,0.0,0.12860331481217646
final_date_moved_last_2,stability,21057,0.0,0.0,0.18359690364249417
final_date_moved_last_3,stability,21057,0.0,0.0,0.23317661585221067
extension_count_so_far,stability,21057,0.0,1.0,3.2904022415348817
days_since_last_extension,stability,21057,0.0,5.0,5.757182884551455
last_extension_days,stability,21057,0.0,1.0,1.625397729971031
days_since_first_screening,maturity,21057,0.6478605689319467,8.0,12.824005394470667
theatrical_week_number,maturity,21057,0.0,0.0,0.8939070142945339
in_first_week,maturity,21057,0.0,0.0,0.19841382913045544
in_second_week,maturity,21057,0.0,0.0,0.09113358978012062
in_later_week,maturity,21057,0.0,0.0,0.11060454955596713
known_span_days,maturity,21057,0.0,7.0,9.118487913757896
longest_continuous_run_so_far,maturity,21057,0.0,0.0,4.470057463076412
days_to_thursday,calendar_extra,21057,0.0,3.0,2.882414399012205
known_last_is_wednesday,calendar_extra,21057,0.0,1.0,0.5033480552785297
known_last_is_thursday,calendar_extra,21057,0.0,0.0,0.15310823004226623
