segment,weekday,completeness_bucket,n,leaves_within_7_rate
ordinary,Monday,lt_50,164,0.2804878048780488
ordinary,Monday,50_80,3,0.0
ordinary,Monday,80_95,0,
ordinary,Monday,ge_95,0,
ordinary,Tuesday,lt_50,3,0.0
ordinary,Tuesday,50_80,2,0.0
ordinary,Tuesday,80_95,3,0.0
ordinary,Tuesday,ge_95,1,0.0
ordinary,Wednesday,lt_50,0,
ordinary,Wednesday,50_80,11,0.0
ordinary,Wednesday,80_95,19,0.0
ordinary,Wednesday,ge_95,3,0.0
ordinary,Thursday,lt_50,0,
ordinary,Thursday,50_80,4,0.0
ordinary,Thursday,80_95,10,0.0
ordinary,Thursday,ge_95,0,
ordinary,Friday,lt_50,0,
ordinary,Friday,50_80,2,0.0
ordinary,Friday,80_95,4,0.0
ordinary,Friday,ge_95,0,
ordinary,Saturday,lt_50,6,0.0
ordinary,Saturday,50_80,1,0.0
ordinary,Saturday,80_95,0,
ordinary,Saturday,ge_95,0,
ordinary,Sunday,lt_50,1,0.0
ordinary,Sunday,50_80,0,
ordinary,Sunday,80_95,0,
ordinary,Sunday,ge_95,0,
rerelease,Monday,lt_50,19,0.3157894736842105
rerelease,Monday,50_80,0,
rerelease,Monday,80_95,0,
rerelease,Monday,ge_95,0,
rerelease,Tuesday,lt_50,0,
rerelease,Tuesday,50_80,0,
rerelease,Tuesday,80_95,0,
rerelease,Tuesday,ge_95,0,
rerelease,Wednesday,lt_50,0,
rerelease,Wednesday,50_80,1,1.0
rerelease,Wednesday,80_95,0,
rerelease,Wednesday,ge_95,0,
rerelease,Thursday,lt_50,0,
rerelease,Thursday,50_80,1,0.0
rerelease,Thursday,80_95,4,0.0
rerelease,Thursday,ge_95,0,
rerelease,Friday,lt_50,0,
rerelease,Friday,50_80,0,
rerelease,Friday,80_95,0,
rerelease,Friday,ge_95,0,
rerelease,Saturday,lt_50,3,0.0
rerelease,Saturday,50_80,0,
rerelease,Saturday,80_95,0,
rerelease,Saturday,ge_95,0,
rerelease,Sunday,lt_50,0,
rerelease,Sunday,50_80,0,
rerelease,Sunday,80_95,0,
rerelease,Sunday,ge_95,0,
special_event,Monday,lt_50,144,0.20833333333333334
special_event,Monday,50_80,0,
special_event,Monday,80_95,0,
special_event,Monday,ge_95,0,
special_event,Tuesday,lt_50,5,0.0
special_event,Tuesday,50_80,1,0.0
special_event,Tuesday,80_95,0,
special_event,Tuesday,ge_95,0,
special_event,Wednesday,lt_50,0,
special_event,Wednesday,50_80,13,0.07692307692307693
special_event,Wednesday,80_95,20,0.15
special_event,Wednesday,ge_95,4,0.25
special_event,Thursday,lt_50,0,
special_event,Thursday,50_80,9,0.0
special_event,Thursday,80_95,14,0.0
special_event,Thursday,ge_95,0,
special_event,Friday,lt_50,0,
special_event,Friday,50_80,0,
special_event,Friday,80_95,3,0.0
special_event,Friday,ge_95,0,
special_event,Saturday,lt_50,8,0.0
special_event,Saturday,50_80,1,0.0
special_event,Saturday,80_95,0,
special_event,Saturday,ge_95,0,
special_event,Sunday,lt_50,1,0.0
special_event,Sunday,50_80,0,
special_event,Sunday,80_95,0,
special_event,Sunday,ge_95,0,
