level,film_id,title,theater_id,theater_name,sequence,segment,segment_source,segment_confidence,catalog_category,title_run_type,identity_kind,start_date,end_date,last_occurred,span_days,distinct_show_dates,screening_count,occurred_screening_count,end_status,end_weekday,left_truncated,first_observation,announcement_observed,initial_first_show,initial_last_show,initial_span_days,initial_screening_count,share_visible_at_first_observation,days_added,extended,shortened,dates_added_count,removed_screening_count,next_programming_friday,next_friday_published,retrospective
film_theater,title:alemania-vs-paraguay-telemundo-presenta-la-copa-mundial-de-la-fifa-2026,Alemania vs Paraguay - Telemundo presenta la Copa Mundial de la FIFA 2026,amc-alderwood-mall-16,AMC Alderwood Mall 16,1,special_event_title_only,title_only,low,unknown,concert_live_encore,title_fallback,2026-06-29,2026-06-29,2026-06-29,1,1,1,1,confirmed_complete,Monday,True,2026-06-29,False,2026-06-29,2026-06-29,1,1,,,,,0,0,2026-07-03,True,True
film_theater,81765,Alpha (dir. Rawail),amc-southcenter-16,AMC Southcenter 16,1,ordinary_title_only,title_only,low,unknown,normal_first_run,source_film_id,2026-07-03,2026-07-08,2026-07-08,6,6,14,14,confirmed_complete,Wednesday,True,2026-06-29,False,2026-07-03,2026-07-08,6,6,,,,,0,0,2026-07-10,True,True
film_theater,title:amc-screen-unseen-june-29,AMC,amc-alderwood-mall-16,AMC Alderwood Mall 16,1,special_event_title_only,title_only,low,unknown,fan_event,title_fallback,2026-06-29,2026-06-29,2026-06-29,1,1,1,1,confirmed_complete,Monday,True,2026-06-29,False,2026-06-29,2026-06-29,1,1,,,,,0,0,2026-07-03,True,True
film_theater,title:amc-screen-unseen-june-29,AMC,amc-factoria-8,AMC Factoria 8,1,special_event_title_only,title_only,low,unknown,fan_event,title_fallback,2026-06-29,2026-06-29,2026-06-29,1,1,1,1,confirmed_complete,Monday,True,2026-06-29,False,2026-06-29,2026-06-29,1,1,,,,,0,0,2026-07-03,True,True
film_theater,title:amc-screen-unseen-june-29,AMC,amc-kent-station-14,AMC Kent Station 14,1,special_event_title_only,title_only,low,unknown,fan_event,title_fallback,2026-06-29,2026-06-29,2026-06-29,1,1,1,1,confirmed_complete,Monday,True,2026-06-29,False,2026-06-29,2026-06-29,1,1,,,,,0,0,2026-07-03,True,True
film_theater,title:amc-screen-unseen-june-29,AMC,amc-oak-tree-6,AMC Oak Tree 6,1,special_event_title_only,title_only,low,unknown,fan_event,title_fallback,2026-06-29,2026-06-29,2026-06-29,1,1,1,1,confirmed_complete,Monday,True,2026-06-29,False,2026-06-29,2026-06-29,1,1,,,,,0,0,2026-07-03,True,True
film_theater,title:amc-screen-unseen-june-29,AMC,amc-pacific-place-11,AMC Pacific Place 11,1,special_event_title_only,title_only,low,unknown,fan_event,title_fallback,2026-06-29,2026-06-29,2026-06-29,1,1,1,1,confirmed_complete,Monday,True,2026-06-29,False,2026-06-29,2026-06-29,1,1,,,,,0,0,2026-07-03,True,True
film_theater,title:amc-screen-unseen-june-29,AMC,amc-southcenter-16,AMC Southcenter 16,1,special_event_title_only,title_only,low,unknown,fan_event,title_fallback,2026-06-29,2026-06-29,2026-06-29,1,1,1,1,confirmed_complete,Monday,True,2026-06-29,False,2026-06-29,2026-06-29,1,1,,,,,0,0,2026-07-03,True,True
film_theater,title:amc-screen-unseen-june-29,AMC,amc-woodinville-12,AMC Woodinville 12,1,special_event_title_only,title_only,low,unknown,fan_event,title_fallback,2026-06-29,2026-06-29,2026-06-29,1,1,1,1,confirmed_complete,Monday,True,2026-06-29,False,2026-06-29,2026-06-29,1,1,,,,,0,0,2026-07-03,True,True
film_theater,83662,Argentina vs Cabo Verde - Telemundo presenta la Copa Mundial de la FIFA 2026,amc-alderwood-mall-16,AMC Alderwood Mall 16,1,special_event_title_only,title_only,low,unknown,concert_live_encore,source_film_id,2026-07-03,2026-07-03,2026-07-03,1,1,1,1,confirmed_complete,Friday,True,2026-06-29,False,2026-07-03,2026-07-03,1,1,,,,,0,0,2026-07-10,True,True
film_theater,83662,Argentina vs Cabo Verde - Telemundo presenta la Copa Mundial de la FIFA 2026,amc-southcenter-16,AMC Southcenter 16,1,special_event_title_only,title_only,low,unknown,concert_live_encore,source_film_id,2026-07-03,2026-07-03,2026-07-03,1,1,1,1,confirmed_complete,Friday,True,2026-06-29,False,2026-07-03,2026-07-03,1,1,,,,,0,0,2026-07-10,True,True
film_theater,83670,Argentina vs Egipto - Octavos de Final - Telemundo presenta la Copa Mundial de la FIFA 2026,amc-southcenter-16,AMC Southcenter 16,1,special_event_title_only,title_only,low,unknown,concert_live_encore,source_film_id,2026-07-07,2026-07-07,2026-07-07,1,1,1,1,confirmed_complete,Tuesday,True,2026-06-29,False,2026-07-07,2026-07-07,1,1,,,,,0,0,2026-07-10,True,True
film_theater,83675,Argentina vs Suiza - Cuartos de Final - Telemundo presenta la Copa Mundial de la FIFA 2026,amc-southcenter-16,AMC Southcenter 16,1,special_event_title_only,title_only,low,unknown,concert_live_encore,source_film_id,2026-07-11,2026-07-11,2026-07-11,1,1,1,1,confirmed_complete,Saturday,True,2026-06-29,False,2026-07-11,2026-07-11,1,1,,,,,0,0,2026-07-17,True,True
film_theater,83661,Australia vs Egipto - Telemundo presenta la Copa Mundial de la FIFA 2026,amc-southcenter-16,AMC Southcenter 16,1,special_event_title_only,title_only,low,unknown,concert_live_encore,source_film_id,2026-07-03,2026-07-03,2026-07-03,1,1,1,1,confirmed_complete,Friday,True,2026-06-29,False,2026-07-03,2026-07-03,1,1,,,,,0,0,2026-07-10,True,True
film_theater,82342,Avengers Endgame: Encore,amc-alderwood-mall-16,AMC Alderwood Mall 16,1,ambiguous_special,catalog_title_disagreement,low,standard,concert_live_encore,source_film_id,2026-09-24,2026-10-07,2026-09-30,14,14,78,49,right_censored_still_scheduled,Wednesday,False,2026-09-03,True,2026-09-24,2026-09-29,6,30,0.3846,8,True,False,8,1,2026-10-09,False,True
film_theater,82342,Avengers Endgame: Encore,amc-factoria-8,AMC Factoria 8,1,ambiguous_special,catalog_title_disagreement,low,standard,concert_live_encore,source_film_id,2026-09-24,2026-10-07,2026-09-30,14,14,48,24,right_censored_still_scheduled,Wednesday,False,2026-09-03,True,2026-09-24,2026-10-01,8,27,0.5625,6,True,False,6,0,2026-10-09,False,True
film_theater,82342,Avengers Endgame: Encore,amc-kent-station-14,AMC Kent Station 14,1,ambiguous_special,catalog_title_disagreement,low,standard,concert_live_encore,source_film_id,2026-09-24,2026-10-07,2026-09-30,14,14,85,57,right_censored_still_scheduled,Wednesday,False,2026-09-03,True,2026-09-24,2026-09-30,7,32,0.3765,7,True,False,7,3,2026-10-09,False,True
film_theater,82342,Avengers Endgame: Encore,amc-oak-tree-6,AMC Oak Tree 6,1,ambiguous_special,catalog_title_disagreement,low,standard,concert_live_encore,source_film_id,2026-09-24,2026-10-07,2026-09-30,14,14,35,25,right_censored_still_scheduled,Wednesday,False,2026-09-03,True,2026-09-24,2026-09-27,4,9,0.2571,10,True,False,10,7,2026-10-09,False,True
film_theater,82342,Avengers Endgame: Encore,amc-pacific-place-11,AMC Pacific Place 11,1,ambiguous_special,catalog_title_disagreement,low,standard,concert_live_encore,source_film_id,2026-09-24,2026-10-07,2026-09-30,14,14,40,22,right_censored_still_scheduled,Wednesday,False,2026-09-03,True,2026-09-24,2026-10-01,8,23,0.575,6,True,False,6,0,2026-10-09,False,True
film_theater,82342,Avengers Endgame: Encore,amc-southcenter-16,AMC Southcenter 16,1,ambiguous_special,catalog_title_disagreement,low,standard,concert_live_encore,source_film_id,2026-09-24,2026-10-07,2026-09-30,14,14,73,45,right_censored_still_scheduled,Wednesday,False,2026-09-03,True,2026-09-24,2026-09-29,6,28,0.3836,8,True,False,8,1,2026-10-09,False,True
film_theater,82342,Avengers Endgame: Encore,amc-woodinville-12,AMC Woodinville 12,1,ambiguous_special,catalog_title_disagreement,low,standard,concert_live_encore,source_film_id,2026-09-24,2026-10-07,2026-09-30,14,14,59,37,right_censored_still_scheduled,Wednesday,False,2026-09-03,True,2026-09-24,2026-09-30,7,23,0.3898,7,True,False,7,3,2026-10-09,False,True
film_theater,title:backrooms,Backrooms,amc-alderwood-mall-16,AMC Alderwood Mall 16,1,ordinary_title_only,title_only,low,unknown,normal_first_run,title_fallback,2026-06-29,2026-06-30,2026-06-30,2,2,10,10,confirmed_complete,Tuesday,True,2026-06-29,False,2026-06-29,2026-06-30,2,10,,,,,0,0,2026-07-03,True,True
film_theater,83009,Backrooms,amc-alderwood-mall-16,AMC Alderwood Mall 16,1,ordinary_title_only,title_only,low,unknown,normal_first_run,source_film_id,2026-07-01,2026-07-02,2026-07-02,2,2,4,4,confirmed_complete,Thursday,True,2026-06-29,False,2026-07-01,2026-07-01,1,2,,,,,0,0,2026-07-03,True,True
film_theater,title:backrooms,Backrooms,amc-factoria-8,AMC Factoria 8,1,ordinary_title_only,title_only,low,unknown,normal_first_run,title_fallback,2026-06-29,2026-06-30,2026-06-30,2,2,2,2,confirmed_complete,Tuesday,True,2026-06-29,False,2026-06-29,2026-06-30,2,2,,,,,0,0,2026-07-03,True,True
film_theater,title:backrooms,Backrooms,amc-kent-station-14,AMC Kent Station 14,1,ordinary_title_only,title_only,low,unknown,normal_first_run,title_fallback,2026-06-29,2026-06-30,2026-06-30,2,2,9,9,confirmed_complete,Tuesday,True,2026-06-29,False,2026-06-29,2026-06-30,2,9,,,,,0,0,2026-07-03,True,True
film_theater,83009,Backrooms,amc-kent-station-14,AMC Kent Station 14,1,ordinary_title_only,title_only,low,unknown,normal_first_run,source_film_id,2026-07-01,2026-07-02,2026-07-02,2,2,8,8,confirmed_complete,Thursday,True,2026-06-29,False,2026-07-01,2026-07-01,1,4,,,,,0,0,2026-07-03,True,True
film_theater,title:backrooms,Backrooms,amc-pacific-place-11,AMC Pacific Place 11,1,ordinary_title_only,title_only,low,unknown,normal_first_run,title_fallback,2026-06-29,2026-07-01,2026-07-01,3,3,5,5,confirmed_complete,Wednesday,True,2026-06-29,False,2026-06-29,2026-07-01,3,4,,,,,0,0,2026-07-03,True,True
film_theater,83009,Backrooms,amc-pacific-place-11,AMC Pacific Place 11,1,ordinary_title_only,title_only,low,unknown,normal_first_run,source_film_id,2026-07-01,2026-07-02,2026-07-02,2,2,4,4,confirmed_complete,Thursday,True,2026-06-29,False,2026-07-01,2026-07-01,1,2,,,,,0,0,2026-07-03,True,True
film_theater,title:backrooms,Backrooms,amc-southcenter-16,AMC Southcenter 16,1,ordinary_title_only,title_only,low,unknown,normal_first_run,title_fallback,2026-06-29,2026-06-30,2026-06-30,2,2,8,8,confirmed_complete,Tuesday,True,2026-06-29,False,2026-06-29,2026-06-30,2,8,,,,,0,0,2026-07-03,True,True
film_theater,83009,Backrooms,amc-southcenter-16,AMC Southcenter 16,1,ordinary_title_only,title_only,low,unknown,normal_first_run,source_film_id,2026-07-01,2026-07-02,2026-07-02,2,2,8,8,confirmed_complete,Thursday,True,2026-06-29,False,2026-07-01,2026-07-01,1,3,,,,,0,0,2026-07-03,True,True
film_theater,title:backrooms,Backrooms,amc-woodinville-12,AMC Woodinville 12,1,ordinary_title_only,title_only,low,unknown,normal_first_run,title_fallback,2026-06-29,2026-06-30,2026-06-30,2,2,10,10,confirmed_complete,Tuesday,True,2026-06-29,False,2026-06-29,2026-06-30,2,10,,,,,0,0,2026-07-03,True,True
film_theater,83009,Backrooms,amc-woodinville-12,AMC Woodinville 12,1,ordinary_title_only,title_only,low,unknown,normal_first_run,source_film_id,2026-07-01,2026-07-02,2026-07-02,2,2,10,10,confirmed_complete,Thursday,True,2026-06-29,False,2026-07-01,2026-07-01,1,4,,,,,0,0,2026-07-03,True,True
film_theater,title:bleach-thousand-year-blood-war-the-calamity,Bleach: Thousand-Year Blood War - The Calamity,amc-alderwood-mall-16,AMC Alderwood Mall 16,1,ordinary_title_only,title_only,low,unknown,normal_first_run,title_fallback,2026-06-29,2026-06-30,2026-06-30,2,2,4,4,confirmed_complete,Tuesday,True,2026-06-29,False,2026-06-29,2026-06-30,2,4,,,,,0,0,2026-07-03,True,True
film_theater,83858,Bleach: Thousand-Year Blood War - The Calamity,amc-alderwood-mall-16,AMC Alderwood Mall 16,1,ordinary_title_only,title_only,low,unknown,normal_first_run,source_film_id,2026-07-01,2026-07-09,2026-07-09,9,9,18,18,confirmed_complete,Thursday,True,2026-06-29,False,2026-07-01,2026-07-01,1,3,,,,,0,0,2026-07-10,True,True
film_theater,title:bleach-thousand-year-blood-war-the-calamity,Bleach: Thousand-Year Blood War - The Calamity,amc-kent-station-14,AMC Kent Station 14,1,ordinary_title_only,title_only,low,unknown,normal_first_run,title_fallback,2026-06-29,2026-06-30,2026-06-30,2,2,6,6,confirmed_complete,Tuesday,True,2026-06-29,False,2026-06-29,2026-06-30,2,6,,,,,0,0,2026-07-03,True,True
film_theater,83858,Bleach: Thousand-Year Blood War - The Calamity,amc-kent-station-14,AMC Kent Station 14,1,ordinary_title_only,title_only,low,unknown,normal_first_run,source_film_id,2026-07-01,2026-07-09,2026-07-09,9,9,17,17,confirmed_complete,Thursday,True,2026-06-29,False,2026-07-01,2026-07-02,2,2,,,,,0,0,2026-07-10,True,True
film_theater,title:bleach-thousand-year-blood-war-the-calamity,Bleach: Thousand-Year Blood War - The Calamity,amc-southcenter-16,AMC Southcenter 16,1,ordinary_title_only,title_only,low,unknown,normal_first_run,title_fallback,2026-06-29,2026-07-01,2026-07-01,3,3,9,9,confirmed_complete,Wednesday,True,2026-06-29,False,2026-06-29,2026-07-01,3,9,,,,,0,0,2026-07-03,True,True
film_theater,83858,Bleach: Thousand-Year Blood War - The Calamity,amc-southcenter-16,AMC Southcenter 16,1,ordinary_title_only,title_only,low,unknown,normal_first_run,source_film_id,2026-07-01,2026-07-09,2026-07-09,9,9,29,29,confirmed_complete,Thursday,False,2026-07-01,False,2026-07-01,2026-07-08,8,28,,,,,0,0,2026-07-10,True,True
film_theater,title:brasil-v-jap-n-telemundo-presenta-la-copa-mundial-de-la-fifa-2026,Brasil v Japón - Telemundo presenta la Copa Mundial de la FIFA 2026,amc-southcenter-16,AMC Southcenter 16,1,special_event_title_only,title_only,low,unknown,concert_live_encore,title_fallback,2026-06-29,2026-06-29,2026-06-29,1,1,1,1,confirmed_complete,Monday,True,2026-06-29,False,2026-06-29,2026-06-29,1,1,,,,,0,0,2026-07-03,True,True
film_theater,83665,Brasil vs Noruega - Octavos de Final - Telemundo presenta la Copa Mundial de la FIFA 2026,amc-alderwood-mall-16,AMC Alderwood Mall 16,1,special_event_title_only,title_only,low,unknown,concert_live_encore,source_film_id,2026-07-05,2026-07-05,2026-07-05,1,1,1,1,confirmed_complete,Sunday,True,2026-06-29,False,2026-07-05,2026-07-05,1,1,,,,,0,0,2026-07-10,True,True
film_theater,83665,Brasil vs Noruega - Octavos de Final - Telemundo presenta la Copa Mundial de la FIFA 2026,amc-southcenter-16,AMC Southcenter 16,1,special_event_title_only,title_only,low,unknown,concert_live_encore,source_film_id,2026-07-05,2026-07-05,2026-07-05,1,1,1,1,confirmed_complete,Sunday,True,2026-06-29,False,2026-07-05,2026-07-05,1,1,,,,,0,0,2026-07-10,True,True
film_theater,title:b-lgica-vs-senegal-telemundo-presenta-la-copa-mundial-de-la-fifa-2026,Bélgica vs Senegal - Telemundo presenta la Copa Mundial de la FIFA 2026,amc-alderwood-mall-16,AMC Alderwood Mall 16,1,special_event_title_only,title_only,low,unknown,concert_live_encore,title_fallback,2026-07-01,2026-07-01,2026-07-01,1,1,1,1,confirmed_complete,Wednesday,True,2026-06-29,False,2026-07-01,2026-07-01,1,1,,,,,0,0,2026-07-03,True,True
film_theater,title:b-lgica-vs-senegal-telemundo-presenta-la-copa-mundial-de-la-fifa-2026,Bélgica vs Senegal - Telemundo presenta la Copa Mundial de la FIFA 2026,amc-southcenter-16,AMC Southcenter 16,1,special_event_title_only,title_only,low,unknown,concert_live_encore,title_fallback,2026-07-01,2026-07-01,2026-07-01,1,1,1,1,confirmed_complete,Wednesday,True,2026-06-29,False,2026-07-01,2026-07-01,1,1,,,,,0,0,2026-07-03,True,True
film_theater,82777,Citizen Kane,amc-alderwood-mall-16,AMC Alderwood Mall 16,1,rerelease_title_only,title_only,low,unknown,anniversary_re_release,source_film_id,2026-07-05,2026-07-08,2026-07-08,4,2,2,2,confirmed_complete,Wednesday,True,2026-06-29,False,2026-07-05,2026-07-08,4,2,,,,,0,0,2026-07-10,True,True
film_theater,82777,Citizen Kane,amc-kent-station-14,AMC Kent Station 14,1,rerelease_title_only,title_only,low,unknown,anniversary_re_release,source_film_id,2026-07-08,2026-07-08,2026-07-08,1,1,1,1,confirmed_complete,Wednesday,True,2026-06-29,False,2026-07-08,2026-07-08,1,1,,,,,0,0,2026-07-10,True,True
film_theater,82777,Citizen Kane,amc-southcenter-16,AMC Southcenter 16,1,rerelease_title_only,title_only,low,unknown,anniversary_re_release,source_film_id,2026-07-05,2026-07-08,2026-07-08,4,2,2,2,confirmed_complete,Wednesday,True,2026-06-29,False,2026-07-05,2026-07-08,4,2,,,,,0,0,2026-07-10,True,True
film_theater,83663,Colombia vs Ghana - Telemundo presenta la Copa Mundial de la FIFA 2026,amc-southcenter-16,AMC Southcenter 16,1,special_event_title_only,title_only,low,unknown,concert_live_encore,source_film_id,2026-07-03,2026-07-03,2026-07-03,1,1,1,1,confirmed_complete,Friday,True,2026-06-29,False,2026-07-03,2026-07-03,1,1,,,,,0,0,2026-07-10,True,True
film_theater,title:costa-de-marfil-vs-noruega-telemundo-presenta-la-copa-mundial-de-la-fifa-2026,Costa de Marfil vs Noruega - Telemundo presenta la Copa Mundial de la FIFA 2026,amc-southcenter-16,AMC Southcenter 16,1,special_event_title_only,title_only,low,unknown,concert_live_encore,title_fallback,2026-06-30,2026-06-30,2026-06-30,1,1,1,1,confirmed_complete,Tuesday,True,2026-06-29,False,2026-06-30,2026-06-30,1,1,,,,,0,0,2026-07-03,True,True
film_theater,title:couture,Couture,amc-pacific-place-11,AMC Pacific Place 11,1,ordinary_title_only,title_only,low,unknown,normal_first_run,title_fallback,2026-06-29,2026-06-30,2026-06-30,2,2,6,6,confirmed_complete,Tuesday,True,2026-06-29,False,2026-06-29,2026-06-30,2,6,,,,,0,0,2026-07-03,True,True
film_theater,65798,Coyote vs. Acme,amc-alderwood-mall-16,AMC Alderwood Mall 16,1,ambiguous_special,catalog_title_disagreement,low,standard,special_event,source_film_id,2026-08-27,2026-10-07,2026-09-30,42,42,181,173,right_censored_still_scheduled,Wednesday,False,2026-08-13,True,2026-08-27,2026-08-27,1,6,0.0331,41,True,False,41,0,2026-10-09,False,True
film_theater,65798,Coyote vs. Acme,amc-factoria-8,AMC Factoria 8,1,ambiguous_special,catalog_title_disagreement,low,standard,special_event,source_film_id,2026-08-27,2026-10-01,2026-09-30,36,36,130,129,right_censored_still_scheduled,Thursday,False,2026-08-25,True,2026-08-27,2026-09-02,7,32,0.2462,29,True,False,29,8,2026-10-02,True,True
film_theater,65798,Coyote vs. Acme,amc-kent-station-14,AMC Kent Station 14,1,ambiguous_special,catalog_title_disagreement,low,standard,special_event,source_film_id,2026-08-27,2026-10-07,2026-09-30,42,42,205,191,right_censored_still_scheduled,Wednesday,False,2026-08-13,True,2026-08-27,2026-08-27,1,4,0.0195,41,True,False,41,0,2026-10-09,False,True
film_theater,65798,Coyote vs. Acme,amc-oak-tree-6,AMC Oak Tree 6,1,ambiguous_special,catalog_title_disagreement,low,standard,special_event,source_film_id,2026-08-27,2026-09-23,2026-09-23,28,28,92,92,confirmed_complete,Wednesday,False,2026-08-25,True,2026-08-27,2026-08-27,1,3,0.0326,27,True,False,27,0,2026-09-25,True,True
film_theater,65798,Coyote vs. Acme,amc-pacific-place-11,AMC Pacific Place 11,1,ambiguous_special,catalog_title_disagreement,low,standard,special_event,source_film_id,2026-08-27,2026-10-01,2026-09-30,36,36,108,107,right_censored_still_scheduled,Thursday,False,2026-08-13,True,2026-08-27,2026-08-27,1,3,0.0278,35,True,False,35,0,2026-10-02,True,True
film_theater,65798,Coyote vs. Acme,amc-southcenter-16,AMC Southcenter 16,1,ambiguous_special,catalog_title_disagreement,low,standard,special_event,source_film_id,2026-08-27,2026-10-01,2026-09-30,36,36,152,151,right_censored_still_scheduled,Thursday,False,2026-08-13,True,2026-08-27,2026-08-27,1,6,0.0395,35,True,False,35,0,2026-10-02,True,True
film_theater,65798,Coyote vs. Acme,amc-woodinville-12,AMC Woodinville 12,1,ambiguous_special,catalog_title_disagreement,low,standard,special_event,source_film_id,2026-08-27,2026-09-23,2026-09-23,28,28,133,133,confirmed_complete,Wednesday,False,2026-08-13,True,2026-08-27,2026-08-27,1,4,0.0301,27,True,False,27,1,2026-09-25,True,True
film_theater,83673,Cuartos de Final - Telemundo presenta la Copa Mundial de la FIFA 2026,amc-southcenter-16,AMC Southcenter 16,1,special_event_title_only,title_only,low,unknown,concert_live_encore,source_film_id,2026-07-10,2026-07-10,2026-07-10,1,1,1,1,confirmed_complete,Friday,True,2026-06-29,False,2026-07-10,2026-07-10,1,1,,,,,0,0,2026-07-17,True,True
film_theater,title:david,David,amc-alderwood-mall-16,AMC Alderwood Mall 16,1,ordinary_title_only,title_only,low,unknown,normal_first_run,title_fallback,2026-06-29,2026-06-29,2026-06-29,1,1,2,2,confirmed_complete,Monday,True,2026-06-29,False,2026-06-29,2026-06-29,1,2,,,,,0,0,2026-07-03,True,True
film_theater,83806,David,amc-alderwood-mall-16,AMC Alderwood Mall 16,1,ordinary_title_only,title_only,low,unknown,normal_first_run,source_film_id,2026-07-01,2026-07-01,2026-07-01,1,1,2,2,confirmed_complete,Wednesday,True,2026-06-29,False,2026-07-01,2026-07-01,1,2,,,,,0,0,2026-07-03,True,True
film_theater,title:david,David,amc-kent-station-14,AMC Kent Station 14,1,ordinary_title_only,title_only,low,unknown,normal_first_run,title_fallback,2026-06-29,2026-06-29,2026-06-29,1,1,2,2,confirmed_complete,Monday,True,2026-06-29,False,2026-06-29,2026-06-29,1,2,,,,,0,0,2026-07-03,True,True
film_theater,83806,David,amc-kent-station-14,AMC Kent Station 14,1,ordinary_title_only,title_only,low,unknown,normal_first_run,source_film_id,2026-07-01,2026-07-01,2026-07-01,1,1,2,2,confirmed_complete,Wednesday,True,2026-06-29,False,2026-07-01,2026-07-01,1,2,,,,,0,0,2026-07-03,True,True
film_theater,title:david,David,amc-southcenter-16,AMC Southcenter 16,1,ordinary_title_only,title_only,low,unknown,normal_first_run,title_fallback,2026-06-29,2026-06-29,2026-06-29,1,1,2,2,confirmed_complete,Monday,True,2026-06-29,False,2026-06-29,2026-06-29,1,2,,,,,0,0,2026-07-03,True,True
film_theater,83806,David,amc-southcenter-16,AMC Southcenter 16,1,ordinary_title_only,title_only,low,unknown,normal_first_run,source_film_id,2026-07-01,2026-07-01,2026-07-01,1,1,1,1,confirmed_complete,Wednesday,True,2026-06-29,False,2026-07-01,2026-07-01,1,1,,,,,0,0,2026-07-03,True,True
film_theater,title:david,David,amc-woodinville-12,AMC Woodinville 12,1,ordinary_title_only,title_only,low,unknown,normal_first_run,title_fallback,2026-06-29,2026-06-29,2026-06-29,1,1,2,2,confirmed_complete,Monday,True,2026-06-29,False,2026-06-29,2026-06-29,1,2,,,,,0,0,2026-07-03,True,True
film_theater,83806,David,amc-woodinville-12,AMC Woodinville 12,1,ordinary_title_only,title_only,low,unknown,normal_first_run,source_film_id,2026-07-01,2026-07-01,2026-07-01,1,1,2,2,confirmed_complete,Wednesday,True,2026-06-29,False,2026-07-01,2026-07-01,1,2,,,,,0,0,2026-07-03,True,True
film_theater,title:disclosure-day,Disclosure Day,amc-alderwood-mall-16,AMC Alderwood Mall 16,1,ordinary_title_only,title_only,low,unknown,normal_first_run,title_fallback,2026-06-29,2026-06-30,2026-06-30,2,2,9,9,confirmed_complete,Tuesday,True,2026-06-29,False,2026-06-29,2026-06-30,2,9,,,,,0,0,2026-07-03,True,True
film_theater,title:disclosure-day,Disclosure Day,amc-factoria-8,AMC Factoria 8,1,ordinary_title_only,title_only,low,unknown,normal_first_run,title_fallback,2026-06-29,2026-06-30,2026-06-30,2,2,10,10,confirmed_complete,Tuesday,True,2026-06-29,False,2026-06-29,2026-06-30,2,10,,,,,0,0,2026-07-03,True,True
film_theater,title:disclosure-day,Disclosure Day,amc-kent-station-14,AMC Kent Station 14,1,ordinary_title_only,title_only,low,unknown,normal_first_run,title_fallback,2026-06-29,2026-06-30,2026-06-30,2,2,10,10,confirmed_complete,Tuesday,True,2026-06-29,False,2026-06-29,2026-06-30,2,10,,,,,0,0,2026-07-03,True,True
film_theater,title:disclosure-day,Disclosure Day,amc-oak-tree-6,AMC Oak Tree 6,1,ordinary_title_only,title_only,low,unknown,normal_first_run,title_fallback,2026-06-29,2026-06-30,2026-06-30,2,2,8,8,confirmed_complete,Tuesday,True,2026-06-29,False,2026-06-29,2026-06-30,2,8,,,,,0,0,2026-07-03,True,True
film_theater,title:disclosure-day,Disclosure Day,amc-pacific-place-11,AMC Pacific Place 11,1,ordinary_title_only,title_only,low,unknown,normal_first_run,title_fallback,2026-06-29,2026-06-30,2026-06-30,2,2,8,8,confirmed_complete,Tuesday,True,2026-06-29,False,2026-06-29,2026-06-30,2,8,,,,,0,0,2026-07-03,True,True
film_theater,title:disclosure-day,Disclosure Day,amc-southcenter-16,AMC Southcenter 16,1,ordinary_title_only,title_only,low,unknown,normal_first_run,title_fallback,2026-06-29,2026-06-30,2026-06-30,2,2,10,10,confirmed_complete,Tuesday,True,2026-06-29,False,2026-06-29,2026-06-30,2,10,,,,,0,0,2026-07-03,True,True
film_theater,title:disclosure-day,Disclosure Day,amc-woodinville-12,AMC Woodinville 12,1,ordinary_title_only,title_only,low,unknown,normal_first_run,title_fallback,2026-06-29,2026-06-30,2026-06-30,2,2,10,10,confirmed_complete,Tuesday,True,2026-06-29,False,2026-06-29,2026-06-30,2,10,,,,,0,0,2026-07-03,True,True
film_theater,83673,España vs Bélgica - Cuartos de Final - Telemundo presenta la Copa Mundial de la FIFA 2026,amc-alderwood-mall-16,AMC Alderwood Mall 16,1,special_event_title_only,title_only,low,unknown,concert_live_encore,source_film_id,2026-07-10,2026-07-10,2026-07-10,1,1,1,1,confirmed_complete,Friday,True,2026-06-29,False,2026-07-10,2026-07-10,1,1,,,,,0,0,2026-07-17,True,True
film_theater,83668,España vs Portugal - Octavos de Final - Telemundo presenta la Copa Mundial de la FIFA 2026,amc-alderwood-mall-16,AMC Alderwood Mall 16,1,special_event_title_only,title_only,low,unknown,concert_live_encore,source_film_id,2026-07-06,2026-07-06,2026-07-06,1,1,1,1,confirmed_complete,Monday,True,2026-06-29,False,2026-07-06,2026-07-06,1,1,,,,,0,0,2026-07-10,True,True
film_theater,83668,España vs Portugal - Octavos de Final - Telemundo presenta la Copa Mundial de la FIFA 2026,amc-southcenter-16,AMC Southcenter 16,1,special_event_title_only,title_only,low,unknown,concert_live_encore,source_film_id,2026-07-06,2026-07-06,2026-07-06,1,1,1,1,confirmed_complete,Monday,True,2026-06-29,False,2026-07-06,2026-07-06,1,1,,,,,0,0,2026-07-10,True,True
film_theater,title:estados-unidos-v-bosnia-y-herzegovina-telemundo-presenta-la-copa-mundial-de-la-fifa-2026,Estados Unidos v Bosnia y Herzegovina - Telemundo presenta la Copa Mundial de la FIFA 2026,amc-southcenter-16,AMC Southcenter 16,1,special_event_title_only,title_only,low,unknown,concert_live_encore,title_fallback,2026-07-01,2026-07-01,2026-07-01,1,1,1,1,confirmed_complete,Wednesday,True,2026-06-29,False,2026-07-01,2026-07-01,1,1,,,,,0,0,2026-07-03,True,True
film_theater,83669,Estados Unidos vs Bélgica - Octavos de Final - Telemundo presenta la Copa Mundial de la FIFA 2026,amc-southcenter-16,AMC Southcenter 16,1,special_event_title_only,title_only,low,unknown,concert_live_encore,source_film_id,2026-07-06,2026-07-06,2026-07-06,1,1,1,1,confirmed_complete,Monday,True,2026-06-29,False,2026-07-06,2026-07-06,1,1,,,,,0,0,2026-07-10,True,True
film_theater,83676,Francia vs España - Semifinales - Telemundo presenta la Copa Mundial de la FIFA 2026,amc-alderwood-mall-16,AMC Alderwood Mall 16,1,special_event_title_only,title_only,low,unknown,concert_live_encore,source_film_id,2026-07-14,2026-07-14,2026-07-14,1,1,1,1,confirmed_complete,Tuesday,False,2026-06-30,True,2026-07-14,2026-07-14,1,1,1.0,0,False,False,0,0,2026-07-17,True,True
film_theater,83676,Francia vs España - Semifinales - Telemundo presenta la Copa Mundial de la FIFA 2026,amc-southcenter-16,AMC Southcenter 16,1,special_event_title_only,title_only,low,unknown,concert_live_encore,source_film_id,2026-07-14,2026-07-14,2026-07-14,1,1,1,1,confirmed_complete,Tuesday,False,2026-06-30,True,2026-07-14,2026-07-14,1,1,1.0,0,False,False,0,0,2026-07-17,True,True
film_theater,title:francia-vs-suecia-telemundo-presenta-la-copa-mundial-de-la-fifa-2026,Francia vs Suecia - Telemundo presenta la Copa Mundial de la FIFA 2026,amc-alderwood-mall-16,AMC Alderwood Mall 16,1,special_event_title_only,title_only,low,unknown,concert_live_encore,title_fallback,2026-06-30,2026-06-30,2026-06-30,1,1,1,1,confirmed_complete,Tuesday,True,2026-06-29,False,2026-06-30,2026-06-30,1,1,,,,,0,0,2026-07-03,True,True
film_theater,title:francia-vs-suecia-telemundo-presenta-la-copa-mundial-de-la-fifa-2026,Francia vs Suecia - Telemundo presenta la Copa Mundial de la FIFA 2026,amc-southcenter-16,AMC Southcenter 16,1,special_event_title_only,title_only,low,unknown,concert_live_encore,title_fallback,2026-06-30,2026-06-30,2026-06-30,1,1,1,1,confirmed_complete,Tuesday,True,2026-06-29,False,2026-06-30,2026-06-30,1,1,,,,,0,0,2026-07-03,True,True
film_theater,title:girls-like-girls,Girls Like Girls,amc-alderwood-mall-16,AMC Alderwood Mall 16,1,ordinary_title_only,title_only,low,unknown,normal_first_run,title_fallback,2026-06-29,2026-06-30,2026-06-30,2,2,4,4,confirmed_complete,Tuesday,True,2026-06-29,False,2026-06-29,2026-06-30,2,4,,,,,0,0,2026-07-03,True,True
film_theater,82442,Girls Like Girls,amc-alderwood-mall-16,AMC Alderwood Mall 16,1,ordinary_title_only,title_only,low,unknown,normal_first_run,source_film_id,2026-07-01,2026-07-01,2026-07-01,1,1,2,2,confirmed_complete,Wednesday,True,2026-06-29,False,2026-07-01,2026-07-01,1,2,,,,,0,0,2026-07-03,True,True
film_theater,title:girls-like-girls,Girls Like Girls,amc-kent-station-14,AMC Kent Station 14,1,ordinary_title_only,title_only,low,unknown,normal_first_run,title_fallback,2026-06-29,2026-06-30,2026-06-30,2,2,4,4,confirmed_complete,Tuesday,True,2026-06-29,False,2026-06-29,2026-06-30,2,4,,,,,0,0,2026-07-03,True,True
film_theater,title:girls-like-girls,Girls Like Girls,amc-pacific-place-11,AMC Pacific Place 11,1,ordinary_title_only,title_only,low,unknown,normal_first_run,title_fallback,2026-06-29,2026-07-01,2026-07-01,3,3,8,8,confirmed_complete,Wednesday,True,2026-06-29,False,2026-06-29,2026-07-01,3,8,,,,,0,0,2026-07-03,True,True
film_theater,82442,Girls Like Girls,amc-pacific-place-11,AMC Pacific Place 11,1,ordinary_title_only,title_only,low,unknown,normal_first_run,source_film_id,2026-07-01,2026-07-09,2026-07-09,9,9,14,14,confirmed_complete,Thursday,True,2026-06-29,False,2026-07-01,2026-07-01,1,4,,,,,0,0,2026-07-10,True,True
film_theater,title:girls-like-girls,Girls Like Girls,amc-southcenter-16,AMC Southcenter 16,1,ordinary_title_only,title_only,low,unknown,normal_first_run,title_fallback,2026-06-29,2026-06-30,2026-06-30,2,2,4,4,confirmed_complete,Tuesday,True,2026-06-29,False,2026-06-29,2026-06-30,2,4,,,,,0,0,2026-07-03,True,True
film_theater,title:girls-like-girls,Girls Like Girls,amc-woodinville-12,AMC Woodinville 12,1,ordinary_title_only,title_only,low,unknown,normal_first_run,title_fallback,2026-06-29,2026-06-30,2026-06-30,2,2,5,5,confirmed_complete,Tuesday,True,2026-06-29,False,2026-06-29,2026-06-30,2,5,,,,,0,0,2026-07-03,True,True
film_theater,83807,How to Train Your Dragon,amc-alderwood-mall-16,AMC Alderwood Mall 16,1,ordinary_title_only,title_only,low,unknown,normal_first_run,source_film_id,2026-07-06,2026-07-08,2026-07-08,3,2,4,4,confirmed_complete,Wednesday,True,2026-06-29,False,2026-07-06,2026-07-08,3,4,,,,,0,0,2026-07-10,True,True
film_theater,83807,How to Train Your Dragon,amc-kent-station-14,AMC Kent Station 14,1,ordinary_title_only,title_only,low,unknown,normal_first_run,source_film_id,2026-07-06,2026-07-08,2026-07-08,3,2,4,4,confirmed_complete,Wednesday,True,2026-06-29,False,2026-07-06,2026-07-08,3,4,,,,,0,0,2026-07-10,True,True
film_theater,83807,How to Train Your Dragon,amc-southcenter-16,AMC Southcenter 16,1,ordinary_title_only,title_only,low,unknown,normal_first_run,source_film_id,2026-07-06,2026-07-08,2026-07-08,3,2,4,4,confirmed_complete,Wednesday,True,2026-06-29,False,2026-07-06,2026-07-08,3,4,,,,,0,0,2026-07-10,True,True
film_theater,83807,How to Train Your Dragon,amc-woodinville-12,AMC Woodinville 12,1,ordinary_title_only,title_only,low,unknown,normal_first_run,source_film_id,2026-07-06,2026-07-08,2026-07-08,3,2,4,4,confirmed_complete,Wednesday,True,2026-06-29,False,2026-07-06,2026-07-08,3,4,,,,,0,0,2026-07-10,True,True
film_theater,84257,I Know Who You Are,amc-alderwood-mall-16,AMC Alderwood Mall 16,1,ordinary_title_only,title_only,low,unknown,normal_first_run,source_film_id,2026-07-02,2026-07-08,2026-07-08,7,7,7,7,confirmed_complete,Wednesday,False,2026-07-01,True,2026-07-02,2026-07-08,7,7,1.0,0,False,False,0,0,2026-07-10,True,True
film_theater,84257,I Know Who You Are,amc-pacific-place-11,AMC Pacific Place 11,1,ordinary_title_only,title_only,low,unknown,normal_first_run,source_film_id,2026-07-02,2026-07-09,2026-07-09,8,8,18,18,confirmed_complete,Thursday,False,2026-07-01,True,2026-07-02,2026-07-08,7,17,0.9444,1,True,False,1,0,2026-07-10,True,True
film_theater,title:inglaterra-vs-rd-del-congo-telemundo-presenta-la-copa-mundial-de-la-fifa-2026,Inglaterra vs RD del Congo - Telemundo presenta la Copa Mundial de la FIFA 2026,amc-southcenter-16,AMC Southcenter 16,1,special_event_title_only,title_only,low,unknown,concert_live_encore,title_fallback,2026-07-01,2026-07-01,2026-07-01,1,1,1,1,confirmed_complete,Wednesday,True,2026-06-29,False,2026-07-01,2026-07-01,1,1,,,,,0,0,2026-07-03,True,True
film_theater,title:jackass-best-and-last,Jackass: Best and Last,amc-alderwood-mall-16,AMC Alderwood Mall 16,1,ordinary_title_only,title_only,low,unknown,normal_first_run,title_fallback,2026-06-29,2026-06-30,2026-06-30,2,2,10,10,confirmed_complete,Tuesday,True,2026-06-29,False,2026-06-29,2026-06-30,2,10,,,,,0,0,2026-07-03,True,True
film_theater,title:jackass-best-and-last,Jackass: Best and Last,amc-factoria-8,AMC Factoria 8,1,ordinary_title_only,title_only,low,unknown,normal_first_run,title_fallback,2026-06-29,2026-06-30,2026-06-30,2,2,10,10,confirmed_complete,Tuesday,True,2026-06-29,False,2026-06-29,2026-06-30,2,10,,,,,0,0,2026-07-03,True,True
film_theater,title:jackass-best-and-last,Jackass: Best and Last,amc-kent-station-14,AMC Kent Station 14,1,ordinary_title_only,title_only,low,unknown,normal_first_run,title_fallback,2026-06-29,2026-06-30,2026-06-30,2,2,12,12,confirmed_complete,Tuesday,True,2026-06-29,False,2026-06-29,2026-06-30,2,12,,,,,0,0,2026-07-03,True,True
film_theater,title:jackass-best-and-last,Jackass: Best and Last,amc-oak-tree-6,AMC Oak Tree 6,1,ordinary_title_only,title_only,low,unknown,normal_first_run,title_fallback,2026-06-29,2026-07-02,2026-07-02,4,3,12,12,confirmed_complete,Thursday,True,2026-06-29,False,2026-06-29,2026-07-02,4,12,,,,,0,0,2026-07-03,True,True
film_theater,title:jackass-best-and-last,Jackass: Best and Last,amc-pacific-place-11,AMC Pacific Place 11,1,ordinary_title_only,title_only,low,unknown,normal_first_run,title_fallback,2026-06-29,2026-06-30,2026-06-30,2,2,9,9,confirmed_complete,Tuesday,True,2026-06-29,False,2026-06-29,2026-06-30,2,9,,,,,0,0,2026-07-03,True,True
film_theater,title:jackass-best-and-last,Jackass: Best and Last,amc-southcenter-16,AMC Southcenter 16,1,ordinary_title_only,title_only,low,unknown,normal_first_run,title_fallback,2026-06-29,2026-06-30,2026-06-30,2,2,11,11,confirmed_complete,Tuesday,True,2026-06-29,False,2026-06-29,2026-06-30,2,11,,,,,0,0,2026-07-03,True,True
film_theater,title:jackass-best-and-last,Jackass: Best and Last,amc-woodinville-12,AMC Woodinville 12,1,ordinary_title_only,title_only,low,unknown,normal_first_run,title_fallback,2026-06-29,2026-06-30,2026-06-30,2,2,10,10,confirmed_complete,Tuesday,True,2026-06-29,False,2026-06-29,2026-06-30,2,10,,,,,0,0,2026-07-03,True,True
film_theater,title:leviticus,Leviticus,amc-alderwood-mall-16,AMC Alderwood Mall 16,1,ordinary_title_only,title_only,low,unknown,normal_first_run,title_fallback,2026-06-29,2026-06-30,2026-06-30,2,2,2,2,confirmed_complete,Tuesday,True,2026-06-29,False,2026-06-29,2026-06-30,2,2,,,,,0,0,2026-07-03,True,True
film_theater,title:leviticus,Leviticus,amc-kent-station-14,AMC Kent Station 14,1,ordinary_title_only,title_only,low,unknown,normal_first_run,title_fallback,2026-06-29,2026-06-30,2026-06-30,2,2,4,4,confirmed_complete,Tuesday,True,2026-06-29,False,2026-06-29,2026-06-30,2,4,,,,,0,0,2026-07-03,True,True
film_theater,title:leviticus,Leviticus,amc-pacific-place-11,AMC Pacific Place 11,1,ordinary_title_only,title_only,low,unknown,normal_first_run,title_fallback,2026-06-29,2026-07-01,2026-07-01,3,3,10,10,confirmed_complete,Wednesday,True,2026-06-29,False,2026-06-29,2026-07-01,3,10,,,,,0,0,2026-07-03,True,True
film_theater,title:leviticus,Leviticus,amc-southcenter-16,AMC Southcenter 16,1,ordinary_title_only,title_only,low,unknown,normal_first_run,title_fallback,2026-06-29,2026-06-30,2026-06-30,2,2,12,12,confirmed_complete,Tuesday,True,2026-06-29,False,2026-06-29,2026-06-30,2,12,,,,,0,0,2026-07-03,True,True
film_theater,title:leviticus,Leviticus,amc-woodinville-12,AMC Woodinville 12,1,ordinary_title_only,title_only,low,unknown,normal_first_run,title_fallback,2026-06-29,2026-06-30,2026-06-30,2,2,4,4,confirmed_complete,Tuesday,True,2026-06-29,False,2026-06-29,2026-06-30,2,4,,,,,0,0,2026-07-03,True,True
film_theater,title:lucky-strike,Lucky Strike,amc-alderwood-mall-16,AMC Alderwood Mall 16,1,ordinary_title_only,title_only,low,unknown,normal_first_run,title_fallback,2026-06-29,2026-06-30,2026-06-30,2,2,4,4,confirmed_complete,Tuesday,True,2026-06-29,False,2026-06-29,2026-06-30,2,4,,,,,0,0,2026-07-03,True,True
film_theater,title:lucky-strike,Lucky Strike,amc-southcenter-16,AMC Southcenter 16,1,ordinary_title_only,title_only,low,unknown,normal_first_run,title_fallback,2026-06-29,2026-06-30,2026-06-30,2,2,10,10,confirmed_complete,Tuesday,True,2026-06-29,False,2026-06-29,2026-06-30,2,10,,,,,0,0,2026-07-03,True,True
film_theater,83414,Lucky Strike,amc-southcenter-16,AMC Southcenter 16,1,ordinary_title_only,title_only,low,unknown,normal_first_run,source_film_id,2026-07-01,2026-07-09,2026-07-09,9,9,13,13,confirmed_complete,Thursday,True,2026-06-29,False,2026-07-01,2026-07-01,1,5,,,,,0,0,2026-07-10,True,True
film_theater,83672,Marruecos vs Francia - Cuartos de Final - Telemundo presenta la Copa Mundial de la FIFA 2026,amc-alderwood-mall-16,AMC Alderwood Mall 16,1,special_event_title_only,title_only,low,unknown,concert_live_encore,source_film_id,2026-07-09,2026-07-09,2026-07-09,1,1,1,1,confirmed_complete,Thursday,True,2026-06-29,False,2026-07-09,2026-07-09,1,1,,,,,0,0,2026-07-10,True,True
film_theater,83672,Marruecos vs Francia - Cuartos de Final - Telemundo presenta la Copa Mundial de la FIFA 2026,amc-southcenter-16,AMC Southcenter 16,1,special_event_title_only,title_only,low,unknown,concert_live_encore,source_film_id,2026-07-09,2026-07-09,2026-07-09,1,1,1,1,confirmed_complete,Thursday,True,2026-06-29,False,2026-07-09,2026-07-09,1,1,,,,,0,0,2026-07-10,True,True
film_theater,title:masters-of-the-universe,Masters of the Universe,amc-alderwood-mall-16,AMC Alderwood Mall 16,1,ordinary_title_only,title_only,low,unknown,normal_first_run,title_fallback,2026-06-29,2026-06-30,2026-06-30,2,2,3,3,confirmed_complete,Tuesday,True,2026-06-29,False,2026-06-29,2026-06-30,2,3,,,,,0,0,2026-07-03,True,True
film_theater,76888,Masters of the Universe,amc-alderwood-mall-16,AMC Alderwood Mall 16,1,ordinary_title_only,title_only,low,unknown,normal_first_run,source_film_id,2026-07-01,2026-07-08,2026-07-08,8,8,9,9,confirmed_complete,Wednesday,True,2026-06-29,False,2026-07-01,2026-07-01,1,1,,,,,0,0,2026-07-10,True,True
film_theater,title:masters-of-the-universe,Masters of the Universe,amc-kent-station-14,AMC Kent Station 14,1,ordinary_title_only,title_only,low,unknown,normal_first_run,title_fallback,2026-06-29,2026-06-30,2026-06-30,2,2,5,5,confirmed_complete,Tuesday,True,2026-06-29,False,2026-06-29,2026-06-30,2,5,,,,,0,0,2026-07-03,True,True
film_theater,76888,Masters of the Universe,amc-kent-station-14,AMC Kent Station 14,1,ordinary_title_only,title_only,low,unknown,normal_first_run,source_film_id,2026-07-02,2026-07-09,2026-07-09,8,8,14,14,confirmed_complete,Thursday,False,2026-06-30,True,2026-07-02,2026-07-08,7,13,0.9286,1,True,False,1,0,2026-07-10,True,True
film_theater,title:masters-of-the-universe,Masters of the Universe,amc-southcenter-16,AMC Southcenter 16,1,ordinary_title_only,title_only,low,unknown,normal_first_run,title_fallback,2026-06-29,2026-06-30,2026-06-30,2,2,3,3,confirmed_complete,Tuesday,True,2026-06-29,False,2026-06-29,2026-06-30,2,3,,,,,0,0,2026-07-03,True,True
film_theater,76888,Masters of the Universe,amc-southcenter-16,AMC Southcenter 16,1,ordinary_title_only,title_only,low,unknown,normal_first_run,source_film_id,2026-07-01,2026-07-09,2026-07-09,9,9,14,14,confirmed_complete,Thursday,False,2026-07-01,False,2026-07-01,2026-07-08,8,11,,,,,0,0,2026-07-10,True,True
film_theater,title:masters-of-the-universe,Masters of the Universe,amc-woodinville-12,AMC Woodinville 12,1,ordinary_title_only,title_only,low,unknown,normal_first_run,title_fallback,2026-06-29,2026-06-30,2026-06-30,2,2,9,9,confirmed_complete,Tuesday,True,2026-06-29,False,2026-06-29,2026-06-30,2,9,,,,,0,0,2026-07-03,True,True
film_theater,76888,Masters of the Universe,amc-woodinville-12,AMC Woodinville 12,1,ordinary_title_only,title_only,low,unknown,normal_first_run,source_film_id,2026-07-02,2026-07-09,2026-07-09,8,8,12,12,confirmed_complete,Thursday,False,2026-06-30,True,2026-07-02,2026-07-08,7,7,0.5833,1,True,False,1,0,2026-07-10,True,True
film_theater,title:minions-monsters,Minions & Monsters,amc-alderwood-mall-16,AMC Alderwood Mall 16,1,ordinary_title_only,title_only,low,unknown,normal_first_run,title_fallback,2026-07-01,2026-07-09,2026-07-09,9,6,11,11,confirmed_complete,Thursday,True,2026-06-29,False,2026-07-01,2026-07-09,9,11,,,,,0,0,2026-07-10,True,True
film_theater,title:minions-monsters,Minions & Monsters,amc-kent-station-14,AMC Kent Station 14,1,ordinary_title_only,title_only,low,unknown,normal_first_run,title_fallback,2026-07-01,2026-07-01,2026-07-01,1,1,4,4,confirmed_complete,Wednesday,True,2026-06-29,False,2026-07-01,2026-07-01,1,4,,,,,0,0,2026-07-03,True,True
film_theater,title:minions-monsters,Minions & Monsters,amc-oak-tree-6,AMC Oak Tree 6,1,ordinary_title_only,title_only,low,unknown,normal_first_run,title_fallback,2026-07-02,2026-07-08,2026-07-08,7,7,45,45,confirmed_complete,Wednesday,True,2026-06-29,False,2026-07-02,2026-07-08,7,45,,,,,0,0,2026-07-10,True,True
film_theater,title:minions-monsters,Minions & Monsters,amc-pacific-place-11,AMC Pacific Place 11,1,ordinary_title_only,title_only,low,unknown,normal_first_run,title_fallback,2026-07-08,2026-07-08,2026-07-08,1,1,1,1,confirmed_complete,Wednesday,True,2026-06-29,False,2026-07-08,2026-07-08,1,1,,,,,0,0,2026-07-10,True,True
film_theater,title:minions-monsters,Minions & Monsters,amc-southcenter-16,AMC Southcenter 16,1,ordinary_title_only,title_only,low,unknown,normal_first_run,title_fallback,2026-07-01,2026-07-07,2026-07-07,7,4,8,8,confirmed_complete,Tuesday,True,2026-06-29,False,2026-07-01,2026-07-07,7,7,,,,,0,0,2026-07-10,True,True
film_theater,title:minions-monsters,Minions & Monsters,amc-woodinville-12,AMC Woodinville 12,1,ordinary_title_only,title_only,low,unknown,normal_first_run,title_fallback,2026-07-05,2026-07-06,2026-07-06,2,2,2,2,confirmed_complete,Monday,True,2026-06-29,False,2026-07-05,2026-07-06,2,2,,,,,0,0,2026-07-10,True,True
film_theater,84004,MOANA,amc-alderwood-mall-16,AMC Alderwood Mall 16,1,special_event_title_only,title_only,low,unknown,fan_event,source_film_id,2026-07-09,2026-07-09,2026-07-09,1,1,1,1,confirmed_complete,Thursday,True,2026-06-29,False,2026-07-09,2026-07-09,1,1,,,,,0,0,2026-07-10,True,True
film_theater,84004,MOANA,amc-southcenter-16,AMC Southcenter 16,1,special_event_title_only,title_only,low,unknown,fan_event,source_film_id,2026-07-09,2026-07-09,2026-07-09,1,1,1,1,confirmed_complete,Thursday,True,2026-06-29,False,2026-07-09,2026-07-09,1,1,,,,,0,0,2026-07-10,True,True
film_theater,83674,Noruega vs Inglaterra - Cuartos de Final - Telemundo presenta la Copa Mundial de la FIFA 2026,amc-alderwood-mall-16,AMC Alderwood Mall 16,1,special_event_title_only,title_only,low,unknown,concert_live_encore,source_film_id,2026-07-11,2026-07-11,2026-07-11,1,1,1,1,confirmed_complete,Saturday,True,2026-06-29,False,2026-07-11,2026-07-11,1,1,,,,,0,0,2026-07-17,True,True
film_theater,83674,Noruega vs Inglaterra - Cuartos de Final - Telemundo presenta la Copa Mundial de la FIFA 2026,amc-southcenter-16,AMC Southcenter 16,1,special_event_title_only,title_only,low,unknown,concert_live_encore,source_film_id,2026-07-11,2026-07-11,2026-07-11,1,1,1,1,confirmed_complete,Saturday,True,2026-06-29,False,2026-07-11,2026-07-11,1,1,,,,,0,0,2026-07-17,True,True
film_theater,title:obsession,Obsession,amc-alderwood-mall-16,AMC Alderwood Mall 16,1,ordinary_title_only,title_only,low,unknown,normal_first_run,title_fallback,2026-06-29,2026-06-30,2026-06-30,2,2,10,10,confirmed_complete,Tuesday,True,2026-06-29,False,2026-06-29,2026-06-30,2,10,,,,,0,0,2026-07-03,True,True
film_theater,title:obsession,Obsession,amc-factoria-8,AMC Factoria 8,1,ordinary_title_only,title_only,low,unknown,normal_first_run,title_fallback,2026-06-29,2026-06-30,2026-06-30,2,2,10,10,confirmed_complete,Tuesday,True,2026-06-29,False,2026-06-29,2026-06-30,2,10,,,,,0,0,2026-07-03,True,True
film_theater,title:obsession,Obsession,amc-kent-station-14,AMC Kent Station 14,1,ordinary_title_only,title_only,low,unknown,normal_first_run,title_fallback,2026-06-29,2026-06-30,2026-06-30,2,2,10,10,confirmed_complete,Tuesday,True,2026-06-29,False,2026-06-29,2026-06-30,2,10,,,,,0,0,2026-07-03,True,True
film_theater,title:obsession,Obsession,amc-oak-tree-6,AMC Oak Tree 6,1,ordinary_title_only,title_only,low,unknown,normal_first_run,title_fallback,2026-06-29,2026-06-30,2026-06-30,2,2,8,8,confirmed_complete,Tuesday,True,2026-06-29,False,2026-06-29,2026-06-30,2,8,,,,,0,0,2026-07-03,True,True
film_theater,title:obsession,Obsession,amc-pacific-place-11,AMC Pacific Place 11,1,ordinary_title_only,title_only,low,unknown,normal_first_run,title_fallback,2026-06-29,2026-06-30,2026-06-30,2,2,9,9,confirmed_complete,Tuesday,True,2026-06-29,False,2026-06-29,2026-06-30,2,9,,,,,0,0,2026-07-03,True,True
film_theater,title:obsession,Obsession,amc-southcenter-16,AMC Southcenter 16,1,ordinary_title_only,title_only,low,unknown,normal_first_run,title_fallback,2026-06-29,2026-07-01,2026-07-01,3,3,11,11,confirmed_complete,Wednesday,True,2026-06-29,False,2026-06-29,2026-07-01,3,11,,,,,0,0,2026-07-03,True,True
film_theater,title:obsession,Obsession,amc-woodinville-12,AMC Woodinville 12,1,ordinary_title_only,title_only,low,unknown,normal_first_run,title_fallback,2026-06-29,2026-06-30,2026-06-30,2,2,13,13,confirmed_complete,Tuesday,True,2026-06-29,False,2026-06-29,2026-06-30,2,13,,,,,0,0,2026-07-03,True,True
film_theater,title:octavos-de-final-telemundo-presenta-la-copa-mundial-de-la-fifa-2026,Octavos de Final - Telemundo presenta la Copa Mundial de la FIFA 2026,amc-southcenter-16,AMC Southcenter 16,1,special_event_title_only,title_only,low,unknown,concert_live_encore,title_fallback,2026-07-04,2026-07-04,2026-07-04,1,1,1,1,confirmed_complete,Saturday,True,2026-06-29,False,2026-07-04,2026-07-04,1,1,,,,,0,0,2026-07-10,True,True
film_theater,80552,One Night Only,amc-alderwood-mall-16,AMC Alderwood Mall 16,1,ambiguous_special,catalog_title_disagreement,low,standard,special_event,source_film_id,2026-08-06,2026-08-19,2026-08-19,14,14,76,76,confirmed_complete,Wednesday,False,2026-07-29,True,2026-08-06,2026-08-12,7,36,0.4737,7,True,False,7,0,2026-08-21,True,True
film_theater,80552,One Night Only,amc-factoria-8,AMC Factoria 8,1,ambiguous_special,catalog_title_disagreement,low,standard,special_event,source_film_id,2026-08-06,2026-08-20,2026-08-20,15,15,75,75,confirmed_complete,Thursday,False,2026-07-29,True,2026-08-06,2026-08-12,7,34,0.4533,8,True,False,8,0,2026-08-21,True,True
film_theater,80552,One Night Only,amc-kent-station-14,AMC Kent Station 14,1,ambiguous_special,catalog_title_disagreement,low,standard,special_event,source_film_id,2026-08-06,2026-08-27,2026-08-27,22,22,95,95,confirmed_complete,Thursday,False,2026-07-29,True,2026-08-06,2026-08-12,7,28,0.2947,15,True,False,15,0,2026-08-28,True,True
film_theater,80552,One Night Only,amc-oak-tree-6,AMC Oak Tree 6,1,ambiguous_special,catalog_title_disagreement,low,standard,special_event,source_film_id,2026-08-06,2026-08-19,2026-08-19,14,14,74,74,confirmed_complete,Wednesday,False,2026-07-29,True,2026-08-06,2026-08-12,7,28,0.3784,7,True,False,7,0,2026-08-21,True,True
film_theater,80552,One Night Only,amc-pacific-place-11,AMC Pacific Place 11,1,ambiguous_special,catalog_title_disagreement,low,standard,special_event,source_film_id,2026-08-06,2026-08-20,2026-08-20,15,15,67,67,confirmed_complete,Thursday,False,2026-07-29,True,2026-08-06,2026-08-12,7,30,0.4478,8,True,False,8,0,2026-08-21,True,True
film_theater,80552,One Night Only,amc-southcenter-16,AMC Southcenter 16,1,ambiguous_special,catalog_title_disagreement,low,standard,special_event,source_film_id,2026-08-06,2026-08-19,2026-08-19,14,14,56,56,confirmed_complete,Wednesday,False,2026-07-29,True,2026-08-06,2026-08-12,7,39,0.6964,7,True,False,7,0,2026-08-21,True,True
film_theater,80552,One Night Only,amc-woodinville-12,AMC Woodinville 12,1,ambiguous_special,catalog_title_disagreement,low,standard,special_event,source_film_id,2026-08-06,2026-08-26,2026-08-26,21,21,75,75,confirmed_complete,Wednesday,False,2026-07-29,True,2026-08-06,2026-08-12,7,34,0.4533,14,True,False,14,0,2026-08-28,True,True
film_theater,83666,Paraguay vs Francia - Octavos de Final - Telemundo presenta la Copa Mundial de la FIFA 2026,amc-alderwood-mall-16,AMC Alderwood Mall 16,1,special_event_title_only,title_only,low,unknown,concert_live_encore,source_film_id,2026-07-04,2026-07-04,2026-07-04,1,1,1,1,confirmed_complete,Saturday,True,2026-06-29,False,2026-07-04,2026-07-04,1,1,,,,,0,0,2026-07-10,True,True
film_theater,83666,Paraguay vs Francia - Octavos de Final - Telemundo presenta la Copa Mundial de la FIFA 2026,amc-southcenter-16,AMC Southcenter 16,1,special_event_title_only,title_only,low,unknown,concert_live_encore,source_film_id,2026-07-04,2026-07-04,2026-07-04,1,1,1,1,confirmed_complete,Saturday,True,2026-06-29,False,2026-07-04,2026-07-04,1,1,,,,,0,0,2026-07-10,True,True
film_theater,83660,Portugal vs Croacia - Telemundo presenta la Copa Mundial de la FIFA 2026,amc-alderwood-mall-16,AMC Alderwood Mall 16,1,special_event_title_only,title_only,low,unknown,concert_live_encore,source_film_id,2026-07-02,2026-07-02,2026-07-02,1,1,1,1,confirmed_complete,Thursday,True,2026-06-29,False,2026-07-02,2026-07-02,1,1,,,,,0,0,2026-07-03,True,True
film_theater,title:portugal-vs-croacia-telemundo-presenta-la-copa-mundial-de-la-fifa-2026,Portugal vs Croacia - Telemundo presenta la Copa Mundial de la FIFA 2026,amc-southcenter-16,AMC Southcenter 16,1,special_event_title_only,title_only,low,unknown,concert_live_encore,title_fallback,2026-07-02,2026-07-02,2026-07-02,1,1,1,1,confirmed_complete,Thursday,True,2026-06-29,False,2026-07-02,2026-07-02,1,1,,,,,0,0,2026-07-03,True,True
film_theater,title:scary-movie,Scary Movie,amc-alderwood-mall-16,AMC Alderwood Mall 16,1,ordinary_title_only,title_only,low,unknown,normal_first_run,title_fallback,2026-06-29,2026-06-30,2026-06-30,2,2,7,7,confirmed_complete,Tuesday,True,2026-06-29,False,2026-06-29,2026-06-30,2,7,,,,,0,0,2026-07-03,True,True
film_theater,title:scary-movie,Scary Movie,amc-kent-station-14,AMC Kent Station 14,1,ordinary_title_only,title_only,low,unknown,normal_first_run,title_fallback,2026-06-29,2026-07-01,2026-07-01,3,3,4,4,confirmed_complete,Wednesday,True,2026-06-29,False,2026-06-29,2026-07-01,3,4,,,,,0,0,2026-07-03,True,True
film_theater,title:scary-movie,Scary Movie,amc-southcenter-16,AMC Southcenter 16,1,ordinary_title_only,title_only,low,unknown,normal_first_run,title_fallback,2026-06-29,2026-06-30,2026-06-30,2,2,9,9,confirmed_complete,Tuesday,True,2026-06-29,False,2026-06-29,2026-06-30,2,9,,,,,0,0,2026-07-03,True,True
film_theater,title:star-wars-the-mandalorian-and-grogu,Star Wars: The Mandalorian and Grogu,amc-alderwood-mall-16,AMC Alderwood Mall 16,1,ordinary_title_only,title_only,low,unknown,normal_first_run,title_fallback,2026-06-29,2026-06-30,2026-06-30,2,2,2,2,confirmed_complete,Tuesday,True,2026-06-29,False,2026-06-29,2026-06-30,2,2,,,,,0,0,2026-07-03,True,True
film_theater,60322,Star Wars: The Mandalorian and Grogu,amc-alderwood-mall-16,AMC Alderwood Mall 16,1,ordinary_title_only,title_only,low,unknown,normal_first_run,source_film_id,2026-07-01,2026-07-02,2026-07-02,2,2,2,2,confirmed_complete,Thursday,True,2026-06-29,False,2026-07-01,2026-07-01,1,1,,,,,0,0,2026-07-03,True,True
film_theater,title:star-wars-the-mandalorian-and-grogu,Star Wars: The Mandalorian and Grogu,amc-kent-station-14,AMC Kent Station 14,1,ordinary_title_only,title_only,low,unknown,normal_first_run,title_fallback,2026-06-29,2026-06-30,2026-06-30,2,2,4,4,confirmed_complete,Tuesday,True,2026-06-29,False,2026-06-29,2026-06-30,2,4,,,,,0,0,2026-07-03,True,True
film_theater,title:stop-that-train,Stop! That! Train!,amc-pacific-place-11,AMC Pacific Place 11,1,ordinary_title_only,title_only,low,unknown,normal_first_run,title_fallback,2026-06-29,2026-06-30,2026-06-30,2,2,4,4,confirmed_complete,Tuesday,True,2026-06-29,False,2026-06-29,2026-06-30,2,4,,,,,0,0,2026-07-03,True,True
film_theater,83659,Suiza vs Argelia - Telemundo presenta la Copa Mundial de la FIFA 2026,amc-southcenter-16,AMC Southcenter 16,1,special_event_title_only,title_only,low,unknown,concert_live_encore,source_film_id,2026-07-02,2026-07-02,2026-07-02,1,1,1,1,confirmed_complete,Thursday,True,2026-06-29,False,2026-07-02,2026-07-02,1,1,,,,,0,0,2026-07-03,True,True
film_theater,83671,Suiza vs Colombia - Octavos de Final - Telemundo presenta la Copa Mundial de la FIFA 2026,amc-alderwood-mall-16,AMC Alderwood Mall 16,1,special_event_title_only,title_only,low,unknown,concert_live_encore,source_film_id,2026-07-07,2026-07-07,2026-07-07,1,1,1,1,confirmed_complete,Tuesday,True,2026-06-29,False,2026-07-07,2026-07-07,1,1,,,,,0,0,2026-07-10,True,True
film_theater,83671,Suiza vs Colombia - Octavos de Final - Telemundo presenta la Copa Mundial de la FIFA 2026,amc-southcenter-16,AMC Southcenter 16,1,special_event_title_only,title_only,low,unknown,concert_live_encore,source_film_id,2026-07-07,2026-07-07,2026-07-07,1,1,1,1,confirmed_complete,Tuesday,True,2026-06-29,False,2026-07-07,2026-07-07,1,1,,,,,0,0,2026-07-10,True,True
film_theater,title:supergirl,Supergirl,amc-alderwood-mall-16,AMC Alderwood Mall 16,1,ordinary_title_only,title_only,low,unknown,normal_first_run,title_fallback,2026-06-29,2026-07-08,2026-07-08,10,5,48,48,confirmed_complete,Wednesday,True,2026-06-29,False,2026-06-29,2026-07-08,10,48,,,,,0,0,2026-07-10,True,True
film_theater,title:supergirl,Supergirl,amc-factoria-8,AMC Factoria 8,1,ordinary_title_only,title_only,low,unknown,normal_first_run,title_fallback,2026-06-29,2026-06-30,2026-06-30,2,2,20,20,confirmed_complete,Tuesday,True,2026-06-29,False,2026-06-29,2026-06-30,2,20,,,,,0,0,2026-07-03,True,True
film_theater,title:supergirl,Supergirl,amc-kent-station-14,AMC Kent Station 14,1,ordinary_title_only,title_only,low,unknown,normal_first_run,title_fallback,2026-06-29,2026-06-30,2026-06-30,2,2,33,33,confirmed_complete,Tuesday,True,2026-06-29,False,2026-06-29,2026-06-30,2,33,,,,,0,0,2026-07-03,True,True
film_theater,title:supergirl,Supergirl,amc-oak-tree-6,AMC Oak Tree 6,1,ordinary_title_only,title_only,low,unknown,normal_first_run,title_fallback,2026-06-29,2026-07-08,2026-07-08,10,9,31,31,confirmed_complete,Wednesday,True,2026-06-29,False,2026-06-29,2026-07-08,10,31,,,,,0,0,2026-07-10,True,True
film_theater,title:supergirl,Supergirl,amc-pacific-place-11,AMC Pacific Place 11,1,ordinary_title_only,title_only,low,unknown,normal_first_run,title_fallback,2026-06-29,2026-07-08,2026-07-08,10,6,20,20,confirmed_complete,Wednesday,True,2026-06-29,False,2026-06-29,2026-07-08,10,20,,,,,0,0,2026-07-10,True,True
film_theater,title:supergirl,Supergirl,amc-southcenter-16,AMC Southcenter 16,1,ordinary_title_only,title_only,low,unknown,normal_first_run,title_fallback,2026-06-29,2026-07-05,2026-07-05,7,4,36,36,confirmed_complete,Sunday,True,2026-06-29,False,2026-06-29,2026-07-05,7,36,,,,,0,0,2026-07-10,True,True
film_theater,title:supergirl,Supergirl,amc-woodinville-12,AMC Woodinville 12,1,ordinary_title_only,title_only,low,unknown,normal_first_run,title_fallback,2026-06-29,2026-06-30,2026-06-30,2,2,22,22,confirmed_complete,Tuesday,True,2026-06-29,False,2026-06-29,2026-06-30,2,22,,,,,0,0,2026-07-03,True,True
film_theater,title:talladega-nights-ballad-of-ricky-bobby-20th-anniversary,Talladega Nights: Ballad of Ricky Bobby,amc-alderwood-mall-16,AMC Alderwood Mall 16,1,rerelease_title_only,title_only,low,unknown,anniversary_re_release,title_fallback,2026-06-30,2026-06-30,2026-06-30,1,1,1,1,confirmed_complete,Tuesday,True,2026-06-29,False,2026-06-30,2026-06-30,1,1,,,,,0,0,2026-07-03,True,True
film_theater,84009,Talladega Nights: Ballad of Ricky Bobby,amc-alderwood-mall-16,AMC Alderwood Mall 16,1,rerelease_title_only,title_only,low,unknown,anniversary_re_release,source_film_id,2026-07-01,2026-07-01,2026-07-01,1,1,1,1,confirmed_complete,Wednesday,True,2026-06-29,False,2026-07-01,2026-07-01,1,1,,,,,0,0,2026-07-03,True,True
film_theater,title:talladega-nights-ballad-of-ricky-bobby-20th-anniversary,Talladega Nights: Ballad of Ricky Bobby,amc-southcenter-16,AMC Southcenter 16,1,rerelease_title_only,title_only,low,unknown,anniversary_re_release,title_fallback,2026-06-30,2026-07-01,2026-07-01,2,2,2,2,confirmed_complete,Wednesday,True,2026-06-29,False,2026-06-30,2026-07-01,2,2,,,,,0,0,2026-07-03,True,True
film_theater,title:death-of-robin-hood,The Death of Robin Hood,amc-alderwood-mall-16,AMC Alderwood Mall 16,1,ordinary_title_only,title_only,low,unknown,normal_first_run,title_fallback,2026-06-29,2026-06-30,2026-06-30,2,2,4,4,confirmed_complete,Tuesday,True,2026-06-29,False,2026-06-29,2026-06-30,2,4,,,,,0,0,2026-07-03,True,True
film_theater,title:death-of-robin-hood,The Death of Robin Hood,amc-kent-station-14,AMC Kent Station 14,1,ordinary_title_only,title_only,low,unknown,normal_first_run,title_fallback,2026-06-29,2026-06-30,2026-06-30,2,2,6,6,confirmed_complete,Tuesday,True,2026-06-29,False,2026-06-29,2026-06-30,2,6,,,,,0,0,2026-07-03,True,True
film_theater,title:death-of-robin-hood,The Death of Robin Hood,amc-pacific-place-11,AMC Pacific Place 11,1,ordinary_title_only,title_only,low,unknown,normal_first_run,title_fallback,2026-06-29,2026-06-30,2026-06-30,2,2,2,2,confirmed_complete,Tuesday,True,2026-06-29,False,2026-06-29,2026-06-30,2,2,,,,,0,0,2026-07-03,True,True
film_theater,82802,The Death of Robin Hood,amc-pacific-place-11,AMC Pacific Place 11,1,ordinary_title_only,title_only,low,unknown,normal_first_run,source_film_id,2026-07-01,2026-07-02,2026-07-02,2,2,2,2,confirmed_complete,Thursday,True,2026-06-29,False,2026-07-01,2026-07-01,1,1,,,,,0,0,2026-07-03,True,True
film_theater,title:death-of-robin-hood,The Death of Robin Hood,amc-southcenter-16,AMC Southcenter 16,1,ordinary_title_only,title_only,low,unknown,normal_first_run,title_fallback,2026-06-29,2026-06-30,2026-06-30,2,2,3,3,confirmed_complete,Tuesday,True,2026-06-29,False,2026-06-29,2026-06-30,2,3,,,,,0,0,2026-07-03,True,True
film_theater,title:death-of-robin-hood,The Death of Robin Hood,amc-woodinville-12,AMC Woodinville 12,1,ordinary_title_only,title_only,low,unknown,normal_first_run,title_fallback,2026-06-29,2026-06-30,2026-06-30,2,2,2,2,confirmed_complete,Tuesday,True,2026-06-29,False,2026-06-29,2026-06-30,2,2,,,,,0,0,2026-07-03,True,True
film_theater,title:devil-wears-prada-20th-anniversary-double-feature,The Devil Wears Prada 20th Anniversary Double Feature,amc-alderwood-mall-16,AMC Alderwood Mall 16,1,rerelease_title_only,title_only,low,unknown,anniversary_re_release,title_fallback,2026-06-29,2026-06-30,2026-06-30,2,2,2,2,confirmed_complete,Tuesday,True,2026-06-29,False,2026-06-29,2026-06-30,2,2,,,,,0,0,2026-07-03,True,True
film_theater,title:furious,The Furious,amc-alderwood-mall-16,AMC Alderwood Mall 16,1,ordinary_title_only,title_only,low,unknown,normal_first_run,title_fallback,2026-06-29,2026-06-30,2026-06-30,2,2,4,4,confirmed_complete,Tuesday,True,2026-06-29,False,2026-06-29,2026-06-30,2,4,,,,,0,0,2026-07-03,True,True
film_theater,82946,The Furious,amc-alderwood-mall-16,AMC Alderwood Mall 16,1,ordinary_title_only,title_only,low,unknown,normal_first_run,source_film_id,2026-07-02,2026-07-08,2026-07-08,7,7,8,8,confirmed_complete,Wednesday,False,2026-07-01,True,2026-07-02,2026-07-08,7,8,1.0,0,False,False,0,0,2026-07-10,True,True
film_theater,title:furious,The Furious,amc-southcenter-16,AMC Southcenter 16,1,ordinary_title_only,title_only,low,unknown,normal_first_run,title_fallback,2026-06-29,2026-06-30,2026-06-30,2,2,4,4,confirmed_complete,Tuesday,True,2026-06-29,False,2026-06-29,2026-06-30,2,4,,,,,0,0,2026-07-03,True,True
film_theater,82946,The Furious,amc-southcenter-16,AMC Southcenter 16,1,ordinary_title_only,title_only,low,unknown,normal_first_run,source_film_id,2026-07-01,2026-07-08,2026-07-08,8,8,8,8,confirmed_complete,Wednesday,False,2026-07-01,False,2026-07-01,2026-07-08,8,8,,,,,0,0,2026-07-10,True,True
film_theater,title:invite,The Invite,amc-woodinville-12,AMC Woodinville 12,1,ordinary_title_only,title_only,low,unknown,normal_first_run,title_fallback,2026-07-11,2026-07-11,2026-07-11,1,1,1,1,confirmed_complete,Saturday,True,2026-06-29,False,2026-07-11,2026-07-11,1,1,,,,,0,0,2026-07-17,True,True
film_theater,84893,The Nightmare Before Christmas (RE26),amc-alderwood-mall-16,AMC Alderwood Mall 16,1,ambiguous_special,catalog_title_disagreement,low,standard,family_holiday_title,source_film_id,2026-10-02,2026-10-07,,6,6,15,0,future_only_no_occurred_showtimes,Wednesday,False,2026-09-19,True,2026-10-02,2026-10-07,6,6,0.4,0,False,False,0,0,2026-10-09,False,True
film_theater,84893,The Nightmare Before Christmas (RE26),amc-kent-station-14,AMC Kent Station 14,1,ambiguous_special,catalog_title_disagreement,low,standard,family_holiday_title,source_film_id,2026-10-02,2026-10-07,,6,6,6,0,future_only_no_occurred_showtimes,Wednesday,False,2026-09-29,True,2026-10-02,2026-10-07,6,6,1.0,0,False,False,0,0,2026-10-09,False,True
film_theater,84893,The Nightmare Before Christmas (RE26),amc-southcenter-16,AMC Southcenter 16,1,ambiguous_special,catalog_title_disagreement,low,standard,family_holiday_title,source_film_id,2026-10-02,2026-10-07,,6,6,7,0,future_only_no_occurred_showtimes,Wednesday,False,2026-09-19,True,2026-10-02,2026-10-07,6,6,0.8571,0,False,False,0,0,2026-10-09,False,True
film_theater,83709,The Paradise (Telugu),amc-alderwood-mall-16,AMC Alderwood Mall 16,1,ambiguous_limited,catalog_title_disagreement,low,standard,foreign_language_limited,source_film_id,2026-09-23,2026-09-30,2026-09-30,8,8,9,9,confirmed_complete,Wednesday,False,2026-09-17,True,2026-09-23,2026-09-23,1,1,0.1111,7,True,False,7,0,2026-10-02,True,True
film_theater,83709,The Paradise (Telugu),amc-factoria-8,AMC Factoria 8,1,ambiguous_limited,catalog_title_disagreement,low,standard,foreign_language_limited,source_film_id,2026-09-23,2026-09-23,2026-09-23,1,1,1,1,confirmed_complete,Wednesday,False,2026-09-17,True,2026-09-23,2026-09-23,1,1,1.0,0,False,False,0,0,2026-09-25,True,True
film_theater,83709,The Paradise (Telugu),amc-pacific-place-11,AMC Pacific Place 11,1,ambiguous_limited,catalog_title_disagreement,low,standard,foreign_language_limited,source_film_id,2026-09-23,2026-09-23,2026-09-23,1,1,2,2,confirmed_complete,Wednesday,False,2026-09-17,True,2026-09-23,2026-09-23,1,1,0.5,0,False,False,0,0,2026-09-25,True,True
film_theater,83709,The Paradise (Telugu),amc-southcenter-16,AMC Southcenter 16,1,ambiguous_limited,catalog_title_disagreement,low,standard,foreign_language_limited,source_film_id,2026-09-23,2026-09-24,2026-09-24,2,2,2,2,confirmed_complete,Thursday,False,2026-09-18,True,2026-09-23,2026-09-24,2,2,1.0,0,False,False,0,0,2026-09-25,True,True
film_theater,83709,The Paradise (Telugu),amc-woodinville-12,AMC Woodinville 12,1,ambiguous_limited,catalog_title_disagreement,low,standard,foreign_language_limited,source_film_id,2026-09-23,2026-09-23,2026-09-23,1,1,1,1,confirmed_complete,Wednesday,False,2026-09-17,True,2026-09-23,2026-09-23,1,1,1.0,0,False,False,0,0,2026-09-25,True,True
film_theater,title:to-wong-foo-thanks-for-everything-julie-newmar,"To Wong Foo, Thanks for Everything, Julie Newmar",amc-alderwood-mall-16,AMC Alderwood Mall 16,1,ordinary_title_only,title_only,low,unknown,normal_first_run,title_fallback,2026-06-29,2026-06-30,2026-06-30,2,2,2,2,confirmed_complete,Tuesday,True,2026-06-29,False,2026-06-29,2026-06-30,2,2,,,,,0,0,2026-07-03,True,True
film_theater,83939,"To Wong Foo, Thanks for Everything, Julie Newmar",amc-alderwood-mall-16,AMC Alderwood Mall 16,1,ordinary_title_only,title_only,low,unknown,normal_first_run,source_film_id,2026-07-01,2026-07-01,2026-07-01,1,1,1,1,confirmed_complete,Wednesday,True,2026-06-29,False,2026-07-01,2026-07-01,1,1,,,,,0,0,2026-07-03,True,True
film_theater,title:to-wong-foo-thanks-for-everything-julie-newmar,"To Wong Foo, Thanks for Everything, Julie Newmar",amc-southcenter-16,AMC Southcenter 16,1,ordinary_title_only,title_only,low,unknown,normal_first_run,title_fallback,2026-06-29,2026-06-30,2026-06-30,2,2,2,2,confirmed_complete,Tuesday,True,2026-06-29,False,2026-06-29,2026-06-30,2,2,,,,,0,0,2026-07-03,True,True
film_theater,83939,"To Wong Foo, Thanks for Everything, Julie Newmar",amc-southcenter-16,AMC Southcenter 16,1,ordinary_title_only,title_only,low,unknown,normal_first_run,source_film_id,2026-07-01,2026-07-01,2026-07-01,1,1,1,1,confirmed_complete,Wednesday,True,2026-06-29,False,2026-07-01,2026-07-01,1,1,,,,,0,0,2026-07-03,True,True
film_theater,title:toy-story-5,Toy Story 5,amc-alderwood-mall-16,AMC Alderwood Mall 16,1,ordinary_title_only,title_only,low,unknown,normal_first_run,title_fallback,2026-06-29,2026-07-02,2026-07-02,4,3,37,37,confirmed_complete,Thursday,True,2026-06-29,False,2026-06-29,2026-07-02,4,37,,,,,0,0,2026-07-03,True,True
film_theater,title:toy-story-5,Toy Story 5,amc-factoria-8,AMC Factoria 8,1,ordinary_title_only,title_only,low,unknown,normal_first_run,title_fallback,2026-06-29,2026-06-30,2026-06-30,2,2,27,27,confirmed_complete,Tuesday,True,2026-06-29,False,2026-06-29,2026-06-30,2,27,,,,,0,0,2026-07-03,True,True
film_theater,title:toy-story-5,Toy Story 5,amc-kent-station-14,AMC Kent Station 14,1,ordinary_title_only,title_only,low,unknown,normal_first_run,title_fallback,2026-06-29,2026-06-30,2026-06-30,2,2,39,39,confirmed_complete,Tuesday,True,2026-06-29,False,2026-06-29,2026-06-30,2,39,,,,,0,0,2026-07-03,True,True
film_theater,title:toy-story-5,Toy Story 5,amc-oak-tree-6,AMC Oak Tree 6,1,ordinary_title_only,title_only,low,unknown,normal_first_run,title_fallback,2026-06-29,2026-06-30,2026-06-30,2,2,14,14,confirmed_complete,Tuesday,True,2026-06-29,False,2026-06-29,2026-06-30,2,14,,,,,0,0,2026-07-03,True,True
film_theater,title:toy-story-5,Toy Story 5,amc-pacific-place-11,AMC Pacific Place 11,1,ordinary_title_only,title_only,low,unknown,normal_first_run,title_fallback,2026-06-29,2026-07-06,2026-07-06,8,4,20,20,confirmed_complete,Monday,True,2026-06-29,False,2026-06-29,2026-07-06,8,18,,,,,0,0,2026-07-10,True,True
film_theater,title:toy-story-5,Toy Story 5,amc-southcenter-16,AMC Southcenter 16,1,ordinary_title_only,title_only,low,unknown,normal_first_run,title_fallback,2026-06-29,2026-06-30,2026-06-30,2,2,29,29,confirmed_complete,Tuesday,True,2026-06-29,False,2026-06-29,2026-06-30,2,29,,,,,0,0,2026-07-03,True,True
film_theater,title:toy-story-5,Toy Story 5,amc-woodinville-12,AMC Woodinville 12,1,ordinary_title_only,title_only,low,unknown,normal_first_run,title_fallback,2026-06-29,2026-07-08,2026-07-08,10,5,34,34,confirmed_complete,Wednesday,True,2026-06-29,False,2026-06-29,2026-07-08,10,34,,,,,0,0,2026-07-10,True,True
film_theater,82606,Tuner,amc-alderwood-mall-16,AMC Alderwood Mall 16,1,ordinary_title_only,title_only,low,unknown,normal_first_run,source_film_id,2026-07-03,2026-07-09,2026-07-09,7,7,8,8,confirmed_complete,Thursday,False,2026-07-01,True,2026-07-03,2026-07-08,6,7,0.875,1,True,False,1,0,2026-07-10,True,True
film_theater,83688,UFC 329: McGregor vs Holloway,amc-alderwood-mall-16,AMC Alderwood Mall 16,1,special_event_title_only,title_only,low,unknown,concert_live_encore,source_film_id,2026-07-11,2026-07-11,2026-07-11,1,1,1,1,confirmed_complete,Saturday,False,2026-07-01,True,2026-07-11,2026-07-11,1,1,1.0,0,False,False,0,0,2026-07-17,True,True
film_theater,title:welcome-to-the-jungle,Welcome To The Jungle,amc-southcenter-16,AMC Southcenter 16,1,ordinary_title_only,title_only,low,unknown,normal_first_run,title_fallback,2026-06-29,2026-06-30,2026-06-30,2,2,3,3,confirmed_complete,Tuesday,True,2026-06-29,False,2026-06-29,2026-06-30,2,3,,,,,0,0,2026-07-03,True,True
film_theater,84034,WWE SummerSlam 2026,amc-alderwood-mall-16,AMC Alderwood Mall 16,1,ambiguous_special,catalog_title_disagreement,low,standard,special_event,source_film_id,2026-08-01,2026-08-02,2026-08-02,2,2,2,2,confirmed_complete,Sunday,False,2026-07-18,True,2026-08-01,2026-08-01,1,1,0.5,1,True,False,1,0,2026-08-07,True,True
film_theater,title:young-washington,Young Washington,amc-alderwood-mall-16,AMC Alderwood Mall 16,1,ordinary_title_only,title_only,low,unknown,normal_first_run,title_fallback,2026-07-06,2026-07-09,2026-07-09,4,4,4,4,confirmed_complete,Thursday,True,2026-06-29,False,2026-07-06,2026-07-09,4,4,,,,,0,0,2026-07-10,True,True
