theater_id,theater_name,show_date,weekday,screenings,distinct_films,morning,afternoon,prime,late,inferred_auditoria,screenings_per_inferred_auditorium,holiday_note,dense,occurred_day,p10,p90,direction
amc-alderwood-mall-16,AMC Alderwood Mall 16,2026-08-10,Monday,88,17,0,23,28,9,16,5.5,,True,True,62.0,85.6,high
amc-alderwood-mall-16,AMC Alderwood Mall 16,2026-08-24,Monday,89,23,0,31,30,12,16,5.56,,True,True,62.0,85.6,high
amc-alderwood-mall-16,AMC Alderwood Mall 16,2026-10-05,Monday,61,24,0,27,23,11,16,3.81,,True,False,62.0,85.6,low
amc-alderwood-mall-16,AMC Alderwood Mall 16,2026-08-11,Tuesday,86,16,0,22,25,12,16,5.38,,True,True,63.4,85.6,high
amc-alderwood-mall-16,AMC Alderwood Mall 16,2026-08-25,Tuesday,87,25,0,30,31,11,16,5.44,,True,True,63.4,85.6,high
amc-alderwood-mall-16,AMC Alderwood Mall 16,2026-09-15,Tuesday,63,23,0,23,21,11,16,3.94,,True,True,63.4,85.6,low
amc-alderwood-mall-16,AMC Alderwood Mall 16,2026-09-29,Tuesday,62,22,0,28,22,12,16,3.88,,True,True,63.4,85.6,low
amc-alderwood-mall-16,AMC Alderwood Mall 16,2026-07-01,Wednesday,86,17,1,24,29,10,16,5.38,,True,True,64.0,85.6,high
amc-alderwood-mall-16,AMC Alderwood Mall 16,2026-08-26,Wednesday,89,25,0,32,30,11,16,5.56,,True,True,64.0,85.6,high
amc-alderwood-mall-16,AMC Alderwood Mall 16,2026-09-30,Wednesday,63,24,0,29,23,11,16,3.94,,True,True,64.0,85.6,low
amc-alderwood-mall-16,AMC Alderwood Mall 16,2026-07-02,Thursday,91,17,0,25,28,13,16,5.69,,True,True,64.0,87.1,high
amc-alderwood-mall-16,AMC Alderwood Mall 16,2026-08-13,Thursday,88,21,0,21,29,9,16,5.5,,True,True,64.0,87.1,high
amc-alderwood-mall-16,AMC Alderwood Mall 16,2026-10-01,Thursday,62,21,0,26,25,11,16,3.88,,True,False,64.0,87.1,low
amc-alderwood-mall-16,AMC Alderwood Mall 16,2026-07-03,Friday,86,16,0,26,24,11,16,5.38,day before Independence Day,True,True,66.3,85.7,high
amc-alderwood-mall-16,AMC Alderwood Mall 16,2026-07-31,Friday,88,11,4,18,23,11,16,5.5,,True,True,66.3,85.7,high
amc-alderwood-mall-16,AMC Alderwood Mall 16,2026-09-11,Friday,66,22,0,22,24,12,16,4.12,,True,True,66.3,85.7,low
amc-alderwood-mall-16,AMC Alderwood Mall 16,2026-09-25,Friday,65,21,0,25,23,12,16,4.06,,True,True,66.3,85.7,low
amc-alderwood-mall-16,AMC Alderwood Mall 16,2026-08-22,Saturday,92,23,0,30,30,12,16,5.75,,True,True,71.6,88.0,high
amc-alderwood-mall-16,AMC Alderwood Mall 16,2026-09-05,Saturday,71,24,0,23,24,12,16,4.44,,True,True,71.6,88.0,low
amc-alderwood-mall-16,AMC Alderwood Mall 16,2026-09-12,Saturday,69,22,0,20,22,15,16,4.31,,True,True,71.6,88.0,low
amc-alderwood-mall-16,AMC Alderwood Mall 16,2026-08-09,Sunday,91,14,0,20,28,13,16,5.69,,True,True,72.3,90.4,high
amc-alderwood-mall-16,AMC Alderwood Mall 16,2026-08-16,Sunday,92,23,0,26,30,12,16,5.75,,True,True,72.3,90.4,high
amc-alderwood-mall-16,AMC Alderwood Mall 16,2026-09-06,Sunday,72,25,0,24,23,13,16,4.5,day before Labor Day,True,True,72.3,90.4,low
amc-alderwood-mall-16,AMC Alderwood Mall 16,2026-09-13,Sunday,67,24,0,21,23,13,16,4.19,,True,True,72.3,90.4,low
amc-factoria-8,AMC Factoria 8,2026-08-24,Monday,45,8,0,14,15,7,8,5.62,,True,True,26.0,41.0,high
amc-factoria-8,AMC Factoria 8,2026-10-05,Monday,24,8,0,12,9,0,8,3.0,,True,False,26.0,41.0,low
amc-factoria-8,AMC Factoria 8,2026-07-07,Tuesday,42,8,0,13,13,6,8,5.25,,True,True,26.0,41.6,high
amc-factoria-8,AMC Factoria 8,2026-08-25,Tuesday,46,7,0,13,17,6,8,5.75,,True,True,26.0,41.6,high
amc-factoria-8,AMC Factoria 8,2026-10-06,Tuesday,24,8,0,12,9,0,8,3.0,,True,False,26.0,41.6,low
amc-factoria-8,AMC Factoria 8,2026-07-22,Wednesday,44,8,0,11,15,8,8,5.5,,True,True,25.4,42.8,high
amc-factoria-8,AMC Factoria 8,2026-08-26,Wednesday,44,7,0,14,15,6,8,5.5,,True,True,25.4,42.8,high
amc-factoria-8,AMC Factoria 8,2026-09-16,Wednesday,25,8,0,10,9,0,8,3.12,,True,True,25.4,42.8,low
amc-factoria-8,AMC Factoria 8,2026-10-07,Wednesday,24,8,0,12,9,0,8,3.0,,True,False,25.4,42.8,low
amc-factoria-8,AMC Factoria 8,2026-07-16,Thursday,44,10,0,14,12,7,8,5.5,,True,True,29.3,42.0,high
amc-factoria-8,AMC Factoria 8,2026-09-24,Thursday,29,13,0,10,12,0,8,3.62,,True,True,29.3,42.0,low
amc-factoria-8,AMC Factoria 8,2026-10-01,Thursday,29,11,0,10,12,0,8,3.62,,True,False,29.3,42.0,low
amc-factoria-8,AMC Factoria 8,2026-07-24,Friday,34,6,0,10,12,4,8,4.25,,True,True,34.3,41.7,low
amc-factoria-8,AMC Factoria 8,2026-08-14,Friday,42,6,0,13,13,7,8,5.25,,True,True,34.3,41.7,high
amc-factoria-8,AMC Factoria 8,2026-08-21,Friday,51,7,0,16,17,7,8,6.38,,True,True,34.3,41.7,high
amc-factoria-8,AMC Factoria 8,2026-10-02,Friday,33,8,0,10,12,5,8,4.12,,True,False,34.3,41.7,low
amc-factoria-8,AMC Factoria 8,2026-08-15,Saturday,42,8,0,13,14,6,8,5.25,,True,True,35.0,41.7,high
amc-factoria-8,AMC Factoria 8,2026-08-22,Saturday,49,7,0,15,15,8,8,6.12,,True,True,35.0,41.7,high
amc-factoria-8,AMC Factoria 8,2026-10-03,Saturday,33,8,0,10,12,5,8,4.12,,True,False,35.0,41.7,low
amc-factoria-8,AMC Factoria 8,2026-07-05,Sunday,42,8,0,13,12,6,8,5.25,day after Independence Day,True,True,35.0,41.7,high
amc-factoria-8,AMC Factoria 8,2026-08-23,Sunday,51,7,0,16,16,7,8,6.38,,True,True,35.0,41.7,high
amc-factoria-8,AMC Factoria 8,2026-10-04,Sunday,33,8,0,10,12,5,8,4.12,,True,False,35.0,41.7,low
amc-kent-station-14,AMC Kent Station 14,2026-08-10,Monday,82,12,0,20,25,7,14,5.86,,True,True,55.2,81.2,high
amc-kent-station-14,AMC Kent Station 14,2026-08-17,Monday,83,15,0,24,30,6,14,5.93,,True,True,55.2,81.2,high
amc-kent-station-14,AMC Kent Station 14,2026-09-14,Monday,52,17,0,23,22,7,14,3.71,,True,True,55.2,81.2,low
amc-kent-station-14,AMC Kent Station 14,2026-10-05,Monday,54,17,0,24,21,9,14,3.86,,True,False,55.2,81.2,low
amc-kent-station-14,AMC Kent Station 14,2026-07-07,Tuesday,79,11,0,21,30,6,14,5.64,,True,True,57.8,77.8,high
amc-kent-station-14,AMC Kent Station 14,2026-08-11,Tuesday,86,11,0,20,25,11,14,6.14,,True,True,57.8,77.8,high
amc-kent-station-14,AMC Kent Station 14,2026-09-29,Tuesday,57,15,0,18,25,6,14,4.07,,True,True,57.8,77.8,low
amc-kent-station-14,AMC Kent Station 14,2026-10-06,Tuesday,54,18,0,23,23,8,14,3.86,,True,False,57.8,77.8,low
amc-kent-station-14,AMC Kent Station 14,2026-07-01,Wednesday,85,11,5,23,28,9,14,6.07,,True,True,57.0,83.0,high
amc-kent-station-14,AMC Kent Station 14,2026-08-12,Wednesday,93,11,0,24,31,9,14,6.64,,True,True,57.0,83.0,high
amc-kent-station-14,AMC Kent Station 14,2026-10-07,Wednesday,56,16,0,23,23,7,14,4.0,,True,False,57.0,83.0,low
amc-kent-station-14,AMC Kent Station 14,2026-07-02,Thursday,82,11,0,22,29,10,14,5.86,,True,True,59.3,79.9,high
amc-kent-station-14,AMC Kent Station 14,2026-08-13,Thursday,82,15,0,21,27,6,14,5.86,,True,True,59.3,79.9,high
amc-kent-station-14,AMC Kent Station 14,2026-09-10,Thursday,59,21,0,19,22,10,14,4.21,,True,True,59.3,79.9,low
amc-kent-station-14,AMC Kent Station 14,2026-09-24,Thursday,58,21,0,20,23,8,14,4.14,,True,True,59.3,79.9,low
amc-kent-station-14,AMC Kent Station 14,2026-07-03,Friday,85,11,0,22,29,9,14,6.07,day before Independence Day,True,True,60.3,84.1,high
amc-kent-station-14,AMC Kent Station 14,2026-07-31,Friday,110,8,3,20,22,14,14,7.86,,True,True,60.3,84.1,high
amc-kent-station-14,AMC Kent Station 14,2026-09-25,Friday,60,14,0,18,23,9,14,4.29,,True,True,60.3,84.1,low
amc-kent-station-14,AMC Kent Station 14,2026-10-02,Friday,60,18,0,18,24,8,14,4.29,,True,False,60.3,84.1,low
amc-kent-station-14,AMC Kent Station 14,2026-08-01,Saturday,101,8,4,19,23,13,14,7.21,,True,True,66.6,90.3,high
amc-kent-station-14,AMC Kent Station 14,2026-08-08,Saturday,93,12,6,19,23,11,14,6.64,,True,True,66.6,90.3,high
amc-kent-station-14,AMC Kent Station 14,2026-09-12,Saturday,62,16,0,17,23,10,14,4.43,,True,True,66.6,90.3,low
amc-kent-station-14,AMC Kent Station 14,2026-09-26,Saturday,66,15,0,18,24,11,14,4.71,,True,True,66.6,90.3,low
amc-kent-station-14,AMC Kent Station 14,2026-08-02,Sunday,107,9,4,20,25,12,14,7.64,,True,True,61.9,91.5,high
amc-kent-station-14,AMC Kent Station 14,2026-08-09,Sunday,93,9,5,19,24,8,14,6.64,,True,True,61.9,91.5,high
amc-kent-station-14,AMC Kent Station 14,2026-09-13,Sunday,61,19,0,20,23,9,14,4.36,,True,True,61.9,91.5,low
amc-kent-station-14,AMC Kent Station 14,2026-10-04,Sunday,61,18,0,17,25,8,14,4.36,,True,False,61.9,91.5,low
amc-oak-tree-6,AMC Oak Tree 6,2026-07-06,Monday,32,8,0,14,15,0,6,5.33,,True,True,16.4,31.6,high
amc-oak-tree-6,AMC Oak Tree 6,2026-07-13,Monday,35,8,0,16,12,6,6,5.83,,True,True,16.4,31.6,high
amc-oak-tree-6,AMC Oak Tree 6,2026-09-14,Monday,16,8,0,8,8,0,6,2.67,,True,True,16.4,31.6,low
amc-oak-tree-6,AMC Oak Tree 6,2026-10-05,Monday,15,7,0,5,10,0,6,2.5,,True,False,16.4,31.6,low
amc-oak-tree-6,AMC Oak Tree 6,2026-07-07,Tuesday,33,8,0,13,14,2,6,5.5,,True,True,18.4,31.4,high
amc-oak-tree-6,AMC Oak Tree 6,2026-07-14,Tuesday,34,8,0,18,12,3,6,5.67,,True,True,18.4,31.4,high
amc-oak-tree-6,AMC Oak Tree 6,2026-09-15,Tuesday,18,7,0,7,7,0,6,3.0,,True,True,18.4,31.4,low
amc-oak-tree-6,AMC Oak Tree 6,2026-09-29,Tuesday,18,6,0,10,6,0,6,3.0,,True,True,18.4,31.4,low
amc-oak-tree-6,AMC Oak Tree 6,2026-07-08,Wednesday,34,8,0,13,15,2,6,5.67,,True,True,18.4,32.8,high
amc-oak-tree-6,AMC Oak Tree 6,2026-07-15,Wednesday,38,8,0,19,15,3,6,6.33,,True,True,18.4,32.8,high
amc-oak-tree-6,AMC Oak Tree 6,2026-09-16,Wednesday,18,7,0,7,8,0,6,3.0,,True,True,18.4,32.8,low
amc-oak-tree-6,AMC Oak Tree 6,2026-10-07,Wednesday,18,6,0,9,9,0,6,3.0,,True,False,18.4,32.8,low
amc-oak-tree-6,AMC Oak Tree 6,2026-07-02,Thursday,33,9,0,13,14,5,6,5.5,,True,True,16.8,28.0,high
amc-oak-tree-6,AMC Oak Tree 6,2026-09-10,Thursday,16,7,0,7,9,0,6,2.67,,True,True,16.8,28.0,low
amc-oak-tree-6,AMC Oak Tree 6,2026-10-08,Thursday,7,5,0,3,4,0,6,1.17,,True,False,16.8,28.0,low
amc-oak-tree-6,AMC Oak Tree 6,2026-07-03,Friday,37,8,0,12,15,4,6,6.17,day before Independence Day,True,True,18.8,31.6,high
amc-oak-tree-6,AMC Oak Tree 6,2026-07-10,Friday,32,8,0,11,10,6,6,5.33,,True,True,18.8,31.6,high
amc-oak-tree-6,AMC Oak Tree 6,2026-09-11,Friday,18,7,0,6,7,5,6,3.0,,True,True,18.8,31.6,low
amc-oak-tree-6,AMC Oak Tree 6,2026-10-09,Friday,10,4,0,3,6,1,6,1.67,,True,False,18.8,31.6,low
amc-oak-tree-6,AMC Oak Tree 6,2026-07-04,Saturday,44,8,0,15,16,3,6,7.33,Independence Day,True,True,23.4,37.6,high
amc-oak-tree-6,AMC Oak Tree 6,2026-07-11,Saturday,40,8,0,14,11,8,6,6.67,,True,True,23.4,37.6,high
amc-oak-tree-6,AMC Oak Tree 6,2026-09-12,Saturday,23,7,0,8,7,5,6,3.83,,True,True,23.4,37.6,low
amc-oak-tree-6,AMC Oak Tree 6,2026-10-10,Saturday,13,4,0,5,7,1,6,2.17,,True,False,23.4,37.6,low
amc-oak-tree-6,AMC Oak Tree 6,2026-07-05,Sunday,45,8,0,15,15,6,6,7.5,day after Independence Day,True,True,24.0,37.7,high
amc-oak-tree-6,AMC Oak Tree 6,2026-07-19,Sunday,38,6,0,12,13,4,6,6.33,,True,True,24.0,37.7,high
amc-oak-tree-6,AMC Oak Tree 6,2026-09-13,Sunday,22,8,0,8,10,0,6,3.67,,True,True,24.0,37.7,low
amc-pacific-place-11,AMC Pacific Place 11,2026-07-20,Monday,49,13,0,18,17,3,11,4.45,,True,True,28.0,47.2,high
amc-pacific-place-11,AMC Pacific Place 11,2026-08-17,Monday,48,13,0,19,21,3,11,4.36,,True,True,28.0,47.2,high
amc-pacific-place-11,AMC Pacific Place 11,2026-09-14,Monday,27,16,0,10,17,0,11,2.45,,True,True,28.0,47.2,low
amc-pacific-place-11,AMC Pacific Place 11,2026-06-30,Tuesday,52,11,0,17,21,4,11,4.73,,True,True,35.4,47.2,high
amc-pacific-place-11,AMC Pacific Place 11,2026-07-21,Tuesday,48,12,0,18,18,2,11,4.36,,True,True,35.4,47.2,high
amc-pacific-place-11,AMC Pacific Place 11,2026-09-15,Tuesday,35,15,0,18,16,0,11,3.18,,True,True,35.4,47.2,low
amc-pacific-place-11,AMC Pacific Place 11,2026-09-22,Tuesday,27,15,0,11,16,0,11,2.45,,True,True,35.4,47.2,low
amc-pacific-place-11,AMC Pacific Place 11,2026-07-01,Wednesday,52,14,0,17,20,5,11,4.73,,True,True,27.4,49.0,high
amc-pacific-place-11,AMC Pacific Place 11,2026-09-16,Wednesday,27,15,0,10,17,0,11,2.45,,True,True,27.4,49.0,low
amc-pacific-place-11,AMC Pacific Place 11,2026-09-30,Wednesday,27,15,0,11,16,0,11,2.45,,True,True,27.4,49.0,low
amc-pacific-place-11,AMC Pacific Place 11,2026-07-23,Thursday,49,15,0,18,18,2,11,4.45,,True,True,32.3,46.1,high
amc-pacific-place-11,AMC Pacific Place 11,2026-08-06,Thursday,47,13,0,13,18,4,11,4.27,,True,True,32.3,46.1,high
amc-pacific-place-11,AMC Pacific Place 11,2026-09-17,Thursday,29,16,0,11,16,2,11,2.64,,True,True,32.3,46.1,low
amc-pacific-place-11,AMC Pacific Place 11,2026-10-01,Thursday,28,14,0,10,17,1,11,2.55,,True,False,32.3,46.1,low
amc-pacific-place-11,AMC Pacific Place 11,2026-07-17,Friday,54,12,0,18,15,7,11,4.91,,True,True,41.3,51.1,high
amc-pacific-place-11,AMC Pacific Place 11,2026-07-24,Friday,52,9,0,15,20,3,11,4.73,,True,True,41.3,51.1,high
amc-pacific-place-11,AMC Pacific Place 11,2026-09-18,Friday,31,15,0,11,15,5,11,2.82,,True,True,41.3,51.1,low
amc-pacific-place-11,AMC Pacific Place 11,2026-10-02,Friday,41,13,0,21,15,5,11,3.73,,True,False,41.3,51.1,low
amc-pacific-place-11,AMC Pacific Place 11,2026-07-11,Saturday,54,14,0,19,19,6,11,4.91,,True,True,42.0,51.7,high
amc-pacific-place-11,AMC Pacific Place 11,2026-07-25,Saturday,52,9,0,14,20,3,11,4.73,,True,True,42.0,51.7,high
amc-pacific-place-11,AMC Pacific Place 11,2026-08-22,Saturday,41,14,0,17,16,5,11,3.73,,True,True,42.0,51.7,low
amc-pacific-place-11,AMC Pacific Place 11,2026-07-12,Sunday,55,14,0,19,21,4,11,5.0,,True,True,41.0,54.1,high
amc-pacific-place-11,AMC Pacific Place 11,2026-08-09,Sunday,55,10,0,17,16,9,11,5.0,,True,True,41.0,54.1,high
amc-southcenter-16,AMC Southcenter 16,2026-07-06,Monday,92,18,0,23,29,9,16,5.75,,True,True,62.4,91.2,high
amc-southcenter-16,AMC Southcenter 16,2026-08-03,Monday,95,13,3,25,26,9,16,5.94,,True,True,62.4,91.2,high
amc-southcenter-16,AMC Southcenter 16,2026-09-14,Monday,62,23,0,28,23,11,16,3.88,,True,True,62.4,91.2,low
amc-southcenter-16,AMC Southcenter 16,2026-09-28,Monday,60,21,0,29,22,9,16,3.75,,True,True,62.4,91.2,low
amc-southcenter-16,AMC Southcenter 16,2026-07-07,Tuesday,96,18,0,24,30,11,16,6.0,,True,True,63.8,89.6,high
amc-southcenter-16,AMC Southcenter 16,2026-08-04,Tuesday,92,11,0,25,25,9,16,5.75,,True,True,63.8,89.6,high
amc-southcenter-16,AMC Southcenter 16,2026-09-29,Tuesday,63,21,0,31,22,10,16,3.94,,True,True,63.8,89.6,low
amc-southcenter-16,AMC Southcenter 16,2026-10-06,Tuesday,63,24,0,23,25,7,16,3.94,,True,False,63.8,89.6,low
amc-southcenter-16,AMC Southcenter 16,2026-07-01,Wednesday,102,22,5,27,30,11,16,6.38,,True,True,60.4,94.8,high
amc-southcenter-16,AMC Southcenter 16,2026-08-05,Wednesday,100,13,0,23,31,12,16,6.25,,True,True,60.4,94.8,high
amc-southcenter-16,AMC Southcenter 16,2026-09-16,Wednesday,60,23,0,26,23,11,16,3.75,,True,True,60.4,94.8,low
amc-southcenter-16,AMC Southcenter 16,2026-09-23,Wednesday,59,24,0,24,26,9,16,3.69,,True,True,60.4,94.8,low
amc-southcenter-16,AMC Southcenter 16,2026-07-02,Thursday,90,16,0,28,30,8,16,5.62,,True,True,60.3,87.0,high
amc-southcenter-16,AMC Southcenter 16,2026-08-13,Thursday,92,24,0,25,31,10,16,5.75,,True,True,60.3,87.0,high
amc-southcenter-16,AMC Southcenter 16,2026-09-10,Thursday,60,22,0,26,24,10,16,3.75,,True,True,60.3,87.0,low
amc-southcenter-16,AMC Southcenter 16,2026-09-17,Thursday,57,20,0,22,26,9,16,3.56,,True,True,60.3,87.0,low
amc-southcenter-16,AMC Southcenter 16,2026-07-03,Friday,96,18,0,26,28,12,16,6.0,day before Independence Day,True,True,66.6,95.4,high
amc-southcenter-16,AMC Southcenter 16,2026-07-31,Friday,102,11,3,21,27,9,16,6.38,,True,True,66.6,95.4,high
amc-southcenter-16,AMC Southcenter 16,2026-09-04,Friday,66,25,0,25,26,10,16,4.12,,True,True,66.6,95.4,low
amc-southcenter-16,AMC Southcenter 16,2026-09-25,Friday,65,20,0,24,26,10,16,4.06,,True,True,66.6,95.4,low
amc-southcenter-16,AMC Southcenter 16,2026-07-11,Saturday,105,17,0,25,39,10,16,6.56,,True,True,75.0,102.1,high
amc-southcenter-16,AMC Southcenter 16,2026-08-08,Saturday,103,16,5,25,26,11,16,6.44,,True,True,75.0,102.1,high
amc-southcenter-16,AMC Southcenter 16,2026-09-12,Saturday,67,22,0,20,23,11,16,4.19,,True,True,75.0,102.1,low
amc-southcenter-16,AMC Southcenter 16,2026-07-05,Sunday,96,19,0,27,29,10,16,6.0,day after Independence Day,True,True,66.3,95.4,high
amc-southcenter-16,AMC Southcenter 16,2026-08-09,Sunday,104,13,6,20,28,11,16,6.5,,True,True,66.3,95.4,high
amc-southcenter-16,AMC Southcenter 16,2026-09-27,Sunday,64,21,0,24,26,8,16,4.0,,True,True,66.3,95.4,low
amc-southcenter-16,AMC Southcenter 16,2026-10-04,Sunday,66,24,0,23,27,8,16,4.12,,True,False,66.3,95.4,low
amc-woodinville-12,AMC Woodinville 12,2026-07-06,Monday,63,12,0,20,21,6,12,5.25,,True,True,43.0,61.4,high
amc-woodinville-12,AMC Woodinville 12,2026-07-20,Monday,67,12,0,23,21,7,12,5.58,,True,True,43.0,61.4,high
amc-woodinville-12,AMC Woodinville 12,2026-07-07,Tuesday,63,10,0,21,20,7,12,5.25,,True,True,44.4,58.2,high
amc-woodinville-12,AMC Woodinville 12,2026-07-14,Tuesday,59,12,0,20,19,6,12,4.92,,True,True,44.4,58.2,high
amc-woodinville-12,AMC Woodinville 12,2026-09-15,Tuesday,43,15,0,20,17,6,12,3.58,,True,True,44.4,58.2,low
amc-woodinville-12,AMC Woodinville 12,2026-10-06,Tuesday,44,14,0,21,18,5,12,3.67,,True,False,44.4,58.2,low
amc-woodinville-12,AMC Woodinville 12,2026-07-08,Wednesday,62,11,0,20,20,7,12,5.17,,True,True,44.0,61.2,high
amc-woodinville-12,AMC Woodinville 12,2026-09-02,Wednesday,62,16,0,20,25,8,12,5.17,,True,True,44.0,61.2,high
amc-woodinville-12,AMC Woodinville 12,2026-07-02,Thursday,59,9,0,17,20,6,12,4.92,,True,True,43.6,58.7,high
amc-woodinville-12,AMC Woodinville 12,2026-08-13,Thursday,61,11,0,17,21,7,12,5.08,,True,True,43.6,58.7,high
amc-woodinville-12,AMC Woodinville 12,2026-09-10,Thursday,43,15,0,20,19,4,12,3.58,,True,True,43.6,58.7,low
amc-woodinville-12,AMC Woodinville 12,2026-09-24,Thursday,41,13,0,18,17,6,12,3.42,,True,True,43.6,58.7,low
amc-woodinville-12,AMC Woodinville 12,2026-07-03,Friday,63,9,0,18,21,5,12,5.25,day before Independence Day,True,True,45.2,62.7,high
amc-woodinville-12,AMC Woodinville 12,2026-07-10,Friday,64,11,0,19,20,8,12,5.33,,True,True,45.2,62.7,high
amc-woodinville-12,AMC Woodinville 12,2026-09-11,Friday,44,15,0,21,17,6,12,3.67,,True,True,45.2,62.7,low
amc-woodinville-12,AMC Woodinville 12,2026-10-02,Friday,44,13,0,20,18,6,12,3.67,,True,False,45.2,62.7,low
amc-woodinville-12,AMC Woodinville 12,2026-07-11,Saturday,67,14,0,19,23,7,12,5.58,,True,True,51.6,64.7,high
amc-woodinville-12,AMC Woodinville 12,2026-08-15,Saturday,65,11,0,17,20,8,12,5.42,,True,True,51.6,64.7,high
amc-woodinville-12,AMC Woodinville 12,2026-09-19,Saturday,51,18,0,18,18,6,12,4.25,,True,True,51.6,64.7,low
amc-woodinville-12,AMC Woodinville 12,2026-10-03,Saturday,48,13,0,17,17,7,12,4.0,,True,False,51.6,64.7,low
amc-woodinville-12,AMC Woodinville 12,2026-07-05,Sunday,66,10,0,18,22,5,12,5.5,day after Independence Day,True,True,51.3,65.0,high
amc-woodinville-12,AMC Woodinville 12,2026-09-20,Sunday,51,18,0,17,18,7,12,4.25,,True,True,51.3,65.0,low
amc-woodinville-12,AMC Woodinville 12,2026-10-04,Sunday,49,15,0,16,18,7,12,4.08,,True,False,51.3,65.0,low
