observation_date,observation_weekday,upcoming_friday,known,eventual,completeness
2026-06-29,Monday,2026-07-03,173,451,0.3835920177383592
2026-06-30,Tuesday,2026-07-03,294,451,0.6518847006651884
2026-07-01,Wednesday,2026-07-03,447,451,0.991130820399113
2026-07-02,Thursday,2026-07-03,447,451,0.991130820399113
2026-07-03,Friday,2026-07-03,451,451,1.0
2026-07-04,Saturday,2026-07-10,220,431,0.5104408352668214
2026-07-05,Sunday,2026-07-10,220,431,0.5104408352668214
2026-07-06,Monday,2026-07-10,220,431,0.5104408352668214
2026-07-07,Tuesday,2026-07-10,351,431,0.814385150812065
2026-07-08,Wednesday,2026-07-10,430,431,0.9976798143851509
2026-07-09,Thursday,2026-07-10,430,431,0.9976798143851509
2026-07-10,Friday,2026-07-10,431,431,1.0
2026-07-11,Saturday,2026-07-17,130,413,0.31476997578692495
2026-07-12,Sunday,2026-07-17,130,413,0.31476997578692495
2026-07-13,Monday,2026-07-17,130,413,0.31476997578692495
2026-07-14,Tuesday,2026-07-17,251,413,0.6077481840193705
2026-07-15,Wednesday,2026-07-17,407,413,0.9854721549636803
2026-07-16,Thursday,2026-07-17,407,413,0.9854721549636803
2026-07-17,Friday,2026-07-17,413,413,1.0
2026-07-18,Saturday,2026-07-24,109,394,0.2766497461928934
2026-07-19,Sunday,2026-07-24,109,394,0.2766497461928934
2026-07-20,Monday,2026-07-24,109,394,0.2766497461928934
2026-07-21,Tuesday,2026-07-24,320,394,0.8121827411167513
2026-07-22,Wednesday,2026-07-24,391,394,0.9923857868020305
2026-07-23,Thursday,2026-07-24,391,394,0.9923857868020305
2026-07-24,Friday,2026-07-24,394,394,1.0
2026-07-25,Saturday,2026-07-31,203,465,0.43655913978494626
2026-07-26,Sunday,2026-07-31,206,465,0.443010752688172
2026-07-27,Monday,2026-07-31,206,465,0.443010752688172
2026-07-28,Tuesday,2026-07-31,328,465,0.7053763440860215
2026-07-29,Wednesday,2026-07-31,447,465,0.9612903225806452
2026-07-30,Thursday,2026-07-31,450,465,0.967741935483871
2026-07-31,Friday,2026-07-31,465,465,1.0
2026-08-01,Saturday,2026-08-07,176,419,0.4200477326968974
2026-08-02,Sunday,2026-08-07,177,419,0.4224343675417661
2026-08-03,Monday,2026-08-07,177,419,0.4224343675417661
2026-08-04,Tuesday,2026-08-07,299,419,0.7136038186157518
2026-08-05,Wednesday,2026-08-07,417,419,0.9952267303102625
2026-08-06,Thursday,2026-08-07,419,419,1.0
2026-08-07,Friday,2026-08-07,419,419,1.0
2026-08-08,Saturday,2026-08-14,169,417,0.4052757793764988
2026-08-09,Sunday,2026-08-14,169,417,0.4052757793764988
2026-08-10,Monday,2026-08-14,169,417,0.4052757793764988
2026-08-11,Tuesday,2026-08-14,312,417,0.7482014388489209
2026-08-12,Wednesday,2026-08-14,415,417,0.9952038369304557
2026-08-13,Thursday,2026-08-14,415,417,0.9952038369304557
2026-08-14,Friday,2026-08-14,417,417,1.0
2026-08-15,Saturday,2026-08-21,153,416,0.36778846153846156
2026-08-16,Sunday,2026-08-21,157,416,0.37740384615384615
2026-08-17,Monday,2026-08-21,160,416,0.38461538461538464
2026-08-18,Tuesday,2026-08-21,295,416,0.7091346153846154
2026-08-19,Wednesday,2026-08-21,401,416,0.9639423076923077
2026-08-20,Thursday,2026-08-21,404,416,0.9711538461538461
2026-08-21,Friday,2026-08-21,416,416,1.0
2026-08-22,Saturday,2026-08-28,115,377,0.3050397877984085
2026-08-23,Sunday,2026-08-28,115,377,0.3050397877984085
2026-08-24,Monday,2026-08-28,115,377,0.3050397877984085
2026-08-25,Tuesday,2026-08-28,262,377,0.6949602122015915
2026-08-26,Wednesday,2026-08-28,369,377,0.9787798408488063
2026-08-27,Thursday,2026-08-28,370,377,0.9814323607427056
2026-08-28,Friday,2026-08-28,377,377,1.0
2026-08-29,Saturday,2026-09-04,113,351,0.32193732193732194
2026-08-30,Sunday,2026-09-04,116,351,0.33048433048433046
2026-08-31,Monday,2026-09-04,116,351,0.33048433048433046
2026-09-01,Tuesday,2026-09-04,265,351,0.7549857549857549
2026-09-02,Wednesday,2026-09-04,349,351,0.9943019943019943
2026-09-03,Thursday,2026-09-04,350,351,0.9971509971509972
2026-09-04,Friday,2026-09-04,351,351,1.0
2026-09-05,Saturday,2026-09-11,120,336,0.35714285714285715
2026-09-06,Sunday,2026-09-11,120,336,0.35714285714285715
2026-09-07,Monday,2026-09-11,120,336,0.35714285714285715
2026-09-08,Tuesday,2026-09-11,124,336,0.36904761904761907
2026-09-09,Wednesday,2026-09-11,335,336,0.9970238095238095
2026-09-10,Thursday,2026-09-11,335,336,0.9970238095238095
2026-09-11,Friday,2026-09-11,336,336,1.0
2026-09-12,Saturday,2026-09-18,99,341,0.2903225806451613
2026-09-13,Sunday,2026-09-18,99,341,0.2903225806451613
2026-09-14,Monday,2026-09-18,99,341,0.2903225806451613
2026-09-15,Tuesday,2026-09-18,212,341,0.6217008797653959
2026-09-16,Wednesday,2026-09-18,340,341,0.9970674486803519
2026-09-17,Thursday,2026-09-18,340,341,0.9970674486803519
2026-09-18,Friday,2026-09-18,341,341,1.0
2026-09-19,Saturday,2026-09-25,149,346,0.430635838150289
2026-09-20,Sunday,2026-09-25,151,346,0.43641618497109824
2026-09-21,Monday,2026-09-25,151,346,0.43641618497109824
2026-09-22,Tuesday,2026-09-25,251,346,0.7254335260115607
2026-09-23,Wednesday,2026-09-25,342,346,0.9884393063583815
2026-09-24,Thursday,2026-09-25,342,346,0.9884393063583815
2026-09-25,Friday,2026-09-25,346,346,1.0
