theater_id,theater_name,weekday,n,median,mean,p10,p90,stdev,cv,films_median,films_p10,films_p90
amc-alderwood-mall-16,AMC Alderwood Mall 16,Monday,15,80.0,76.0667,62.0,85.6,9.4979,0.1249,22.0,16.0,25.0
amc-alderwood-mall-16,AMC Alderwood Mall 16,Tuesday,15,77.0,75.3333,63.4,85.6,8.7723,0.1164,22.0,14.8,24.0
amc-alderwood-mall-16,AMC Alderwood Mall 16,Wednesday,15,74.0,75.6667,64.0,85.6,8.8048,0.1164,23.0,15.4,25.0
amc-alderwood-mall-16,AMC Alderwood Mall 16,Thursday,14,78.0,76.6429,64.0,87.1,9.5885,0.1251,21.0,14.2,24.4
amc-alderwood-mall-16,AMC Alderwood Mall 16,Friday,14,79.0,77.2143,66.3,85.7,8.1635,0.1057,21.5,13.0,24.0
amc-alderwood-mall-16,AMC Alderwood Mall 16,Saturday,14,78.5,79.7143,71.6,88.0,7.0648,0.0886,21.5,14.6,24.7
amc-alderwood-mall-16,AMC Alderwood Mall 16,Sunday,14,80.5,80.5,72.3,90.4,7.4084,0.092,23.0,14.0,25.0
amc-factoria-8,AMC Factoria 8,Monday,15,37.0,34.6,26.0,41.0,6.7061,0.1938,8.0,6.4,10.0
amc-factoria-8,AMC Factoria 8,Tuesday,15,35.0,34.6667,26.0,41.6,6.6297,0.1912,8.0,5.4,9.0
amc-factoria-8,AMC Factoria 8,Wednesday,15,36.0,34.5333,25.4,42.8,6.9986,0.2027,8.0,5.4,9.6
amc-factoria-8,AMC Factoria 8,Thursday,14,35.5,36.4286,29.3,42.0,5.2288,0.1435,9.5,7.0,12.0
amc-factoria-8,AMC Factoria 8,Friday,14,38.0,38.6429,34.3,41.7,4.3784,0.1133,8.0,5.3,9.0
amc-factoria-8,AMC Factoria 8,Saturday,14,38.0,38.6429,35.0,41.7,3.9146,0.1013,8.0,5.3,9.0
amc-factoria-8,AMC Factoria 8,Sunday,14,38.0,38.6429,35.0,41.7,4.4481,0.1151,8.0,5.3,9.0
amc-kent-station-14,AMC Kent Station 14,Monday,15,70.0,67.9333,55.2,81.2,10.0603,0.1481,15.0,12.0,18.6
amc-kent-station-14,AMC Kent Station 14,Tuesday,15,68.0,67.9333,57.8,77.8,9.0196,0.1328,14.0,11.0,18.0
amc-kent-station-14,AMC Kent Station 14,Wednesday,15,68.0,69.7333,57.0,83.0,11.1513,0.1599,15.0,11.0,18.6
amc-kent-station-14,AMC Kent Station 14,Thursday,14,65.0,67.9286,59.3,79.9,7.9756,0.1174,18.0,11.6,21.7
amc-kent-station-14,AMC Kent Station 14,Friday,14,73.0,73.7857,60.3,84.1,13.8407,0.1876,14.5,8.6,18.0
amc-kent-station-14,AMC Kent Station 14,Saturday,14,77.0,78.2857,66.6,90.3,10.3212,0.1318,15.5,10.3,18.7
amc-kent-station-14,AMC Kent Station 14,Sunday,14,76.5,78.0714,61.9,91.5,12.6762,0.1624,16.0,9.3,18.7
amc-oak-tree-6,AMC Oak Tree 6,Monday,15,26.0,24.4667,16.4,31.6,6.3004,0.2575,7.0,5.4,8.0
amc-oak-tree-6,AMC Oak Tree 6,Tuesday,15,25.0,24.4667,18.4,31.4,5.1529,0.2106,6.0,4.4,7.6
amc-oak-tree-6,AMC Oak Tree 6,Wednesday,15,24.0,25.0667,18.4,32.8,6.1117,0.2438,6.0,5.0,7.6
amc-oak-tree-6,AMC Oak Tree 6,Thursday,15,22.0,22.3333,16.8,28.0,6.0671,0.2717,6.0,5.0,8.6
amc-oak-tree-6,AMC Oak Tree 6,Friday,15,24.0,24.7333,18.8,31.6,6.386,0.2582,6.0,4.0,7.6
amc-oak-tree-6,AMC Oak Tree 6,Saturday,15,27.0,28.2,23.4,37.6,7.2329,0.2565,6.0,4.0,7.6
amc-oak-tree-6,AMC Oak Tree 6,Sunday,14,28.0,29.5714,24.0,37.7,6.3575,0.215,6.0,4.6,7.7
amc-pacific-place-11,AMC Pacific Place 11,Monday,15,40.0,38.4,28.0,47.2,7.4431,0.1938,14.0,11.4,16.0
amc-pacific-place-11,AMC Pacific Place 11,Tuesday,15,42.0,41.4667,35.4,47.2,6.2435,0.1506,13.0,9.8,15.0
amc-pacific-place-11,AMC Pacific Place 11,Wednesday,15,41.0,39.7333,27.4,49.0,8.3192,0.2094,14.0,9.4,15.6
amc-pacific-place-11,AMC Pacific Place 11,Thursday,14,42.0,40.8571,32.3,46.1,5.8422,0.143,16.0,12.3,18.7
amc-pacific-place-11,AMC Pacific Place 11,Friday,14,46.0,45.1429,41.3,51.1,5.4893,0.1216,13.5,9.3,15.0
amc-pacific-place-11,AMC Pacific Place 11,Saturday,14,47.5,46.8571,42.0,51.7,4.312,0.092,13.5,9.6,15.0
amc-pacific-place-11,AMC Pacific Place 11,Sunday,14,46.0,46.8571,41.0,54.1,5.1119,0.1091,13.5,9.3,15.7
amc-southcenter-16,AMC Southcenter 16,Monday,15,75.0,75.8667,62.4,91.2,11.6427,0.1535,19.0,14.8,26.2
amc-southcenter-16,AMC Southcenter 16,Tuesday,15,77.0,77.0667,63.8,89.6,10.5524,0.1369,19.0,13.2,24.6
amc-southcenter-16,AMC Southcenter 16,Wednesday,15,74.0,75.6667,60.4,94.8,13.7044,0.1811,21.0,13.4,24.6
amc-southcenter-16,AMC Southcenter 16,Thursday,14,76.5,72.9286,60.3,87.0,11.187,0.1534,20.0,13.6,25.4
amc-southcenter-16,AMC Southcenter 16,Friday,14,75.0,78.4286,66.6,95.4,11.9853,0.1528,18.5,11.3,24.4
amc-southcenter-16,AMC Southcenter 16,Saturday,14,80.0,84.9286,75.0,102.1,12.2942,0.1448,19.0,13.2,25.7
amc-southcenter-16,AMC Southcenter 16,Sunday,14,82.5,83.0,66.3,95.4,11.6751,0.1407,21.0,12.3,26.0
amc-woodinville-12,AMC Woodinville 12,Monday,15,54.0,53.5333,43.0,61.4,7.3666,0.1376,13.0,10.8,16.0
amc-woodinville-12,AMC Woodinville 12,Tuesday,15,53.0,51.7333,44.4,58.2,6.1698,0.1193,12.0,9.4,15.0
amc-woodinville-12,AMC Woodinville 12,Wednesday,15,55.0,52.6667,44.0,61.2,6.7893,0.1289,13.0,8.0,16.0
amc-woodinville-12,AMC Woodinville 12,Thursday,14,50.5,51.7143,43.6,58.7,6.2564,0.121,13.5,9.6,18.7
amc-woodinville-12,AMC Woodinville 12,Friday,14,54.0,53.7143,45.2,62.7,6.5331,0.1216,11.5,7.6,15.7
amc-woodinville-12,AMC Woodinville 12,Saturday,14,58.0,57.9286,51.6,64.7,5.5396,0.0956,13.0,9.3,15.7
amc-woodinville-12,AMC Woodinville 12,Sunday,14,59.0,58.4286,51.3,65.0,5.8007,0.0993,12.5,8.6,17.4
