theater_id,theater_name,thursday,friday,holiday_note,thursday_screenings,friday_screenings,net_screening_change,films_thursday,films_friday,films_departing,films_incoming,films_continuing,screenings_lost_departed_films,screenings_lost_reduced_continuing,incumbent_screenings_lost,incoming_friday_screenings,continuing_screenings_kept,continuing_screenings_added
amc-alderwood-mall-16,AMC Alderwood Mall 16,2026-07-02,2026-07-03,day before Independence Day,91,86,-5,17,16,4,3,13,8,5,13,7,78,1
amc-factoria-8,AMC Factoria 8,2026-07-02,2026-07-03,day before Independence Day,41,41,0,7,8,0,1,7,0,1,1,1,40,0
amc-kent-station-14,AMC Kent Station 14,2026-07-02,2026-07-03,day before Independence Day,82,85,3,11,11,1,1,10,4,1,5,5,77,3
amc-oak-tree-6,AMC Oak Tree 6,2026-07-02,2026-07-03,day before Independence Day,33,37,4,9,8,1,0,8,3,0,3,0,30,7
amc-pacific-place-11,AMC Pacific Place 11,2026-07-02,2026-07-03,day before Independence Day,40,43,3,12,11,2,1,10,3,1,4,3,36,4
amc-southcenter-16,AMC Southcenter 16,2026-07-02,2026-07-03,day before Independence Day,90,96,6,16,18,3,5,13,6,5,11,11,79,6
amc-woodinville-12,AMC Woodinville 12,2026-07-02,2026-07-03,day before Independence Day,59,63,4,9,9,1,1,8,6,0,6,6,53,4
amc-alderwood-mall-16,AMC Alderwood Mall 16,2026-07-09,2026-07-10,,82,82,0,18,15,6,3,12,6,10,16,5,66,11
amc-factoria-8,AMC Factoria 8,2026-07-09,2026-07-10,,41,40,-1,11,9,2,0,9,2,9,11,0,30,10
amc-kent-station-14,AMC Kent Station 14,2026-07-09,2026-07-10,,67,72,5,16,13,3,0,13,3,2,5,0,62,10
amc-oak-tree-6,AMC Oak Tree 6,2026-07-09,2026-07-10,,28,32,4,9,8,1,0,8,1,0,1,0,27,5
amc-pacific-place-11,AMC Pacific Place 11,2026-07-09,2026-07-10,,42,47,5,16,14,3,1,13,3,2,5,2,37,8
amc-southcenter-16,AMC Southcenter 16,2026-07-09,2026-07-10,,80,94,14,20,15,7,2,13,12,1,13,3,67,24
amc-woodinville-12,AMC Woodinville 12,2026-07-09,2026-07-10,,58,64,6,13,11,2,0,11,5,0,5,0,53,11
amc-alderwood-mall-16,AMC Alderwood Mall 16,2026-07-16,2026-07-17,,78,79,1,13,13,0,0,13,0,8,8,0,70,9
amc-factoria-8,AMC Factoria 8,2026-07-16,2026-07-17,,44,39,-5,10,7,3,0,7,3,5,8,0,36,3
amc-kent-station-14,AMC Kent Station 14,2026-07-16,2026-07-17,,65,81,16,14,10,4,0,10,4,0,4,0,61,20
amc-oak-tree-6,AMC Oak Tree 6,2026-07-16,2026-07-17,,28,31,3,6,6,0,0,6,0,1,1,0,27,4
amc-pacific-place-11,AMC Pacific Place 11,2026-07-16,2026-07-17,,43,54,11,15,12,3,0,12,3,0,3,0,40,14
amc-southcenter-16,AMC Southcenter 16,2026-07-16,2026-07-17,,77,75,-2,13,11,2,0,11,3,8,11,0,66,9
amc-woodinville-12,AMC Woodinville 12,2026-07-16,2026-07-17,,57,54,-3,12,10,2,0,10,2,5,7,0,50,4
amc-alderwood-mall-16,AMC Alderwood Mall 16,2026-07-23,2026-07-24,,85,73,-12,20,17,4,1,16,4,14,18,1,67,5
amc-factoria-8,AMC Factoria 8,2026-07-23,2026-07-24,,40,34,-6,10,6,4,0,6,11,0,11,0,29,5
amc-kent-station-14,AMC Kent Station 14,2026-07-23,2026-07-24,,64,82,18,17,15,2,0,15,3,0,3,0,61,21
amc-oak-tree-6,AMC Oak Tree 6,2026-07-23,2026-07-24,,22,24,2,6,6,0,0,6,0,0,0,0,22,2
amc-pacific-place-11,AMC Pacific Place 11,2026-07-23,2026-07-24,,49,52,3,15,9,6,0,9,7,4,11,0,38,14
amc-southcenter-16,AMC Southcenter 16,2026-07-23,2026-07-24,,76,78,2,19,16,3,0,16,4,4,8,0,68,10
amc-woodinville-12,AMC Woodinville 12,2026-07-23,2026-07-24,,50,51,1,14,11,3,0,11,5,3,8,0,42,9
amc-alderwood-mall-16,AMC Alderwood Mall 16,2026-07-30,2026-07-31,,74,88,14,12,11,1,0,11,1,1,2,0,72,16
amc-factoria-8,AMC Factoria 8,2026-07-30,2026-07-31,,30,37,7,5,5,0,0,5,0,1,1,0,29,8
amc-kent-station-14,AMC Kent Station 14,2026-07-30,2026-07-31,,65,110,45,9,8,1,0,8,1,0,1,0,64,46
amc-oak-tree-6,AMC Oak Tree 6,2026-07-30,2026-07-31,,22,24,2,4,4,0,0,4,0,0,0,0,22,2
amc-pacific-place-11,AMC Pacific Place 11,2026-07-30,2026-07-31,,44,46,2,7,7,0,0,7,0,4,4,0,40,6
amc-southcenter-16,AMC Southcenter 16,2026-07-30,2026-07-31,,77,102,25,12,11,1,0,11,1,2,3,0,74,28
amc-woodinville-12,AMC Woodinville 12,2026-07-30,2026-07-31,,48,58,10,7,6,1,0,6,1,0,1,0,47,11
amc-alderwood-mall-16,AMC Alderwood Mall 16,2026-08-06,2026-08-07,,85,85,0,18,13,6,1,12,7,3,10,2,75,8
amc-factoria-8,AMC Factoria 8,2026-08-06,2026-08-07,,35,38,3,8,5,3,0,5,3,1,4,0,31,7
amc-kent-station-14,AMC Kent Station 14,2026-08-06,2026-08-07,,74,78,4,13,8,5,0,8,8,1,9,0,65,13
amc-oak-tree-6,AMC Oak Tree 6,2026-08-06,2026-08-07,,26,26,0,5,3,2,0,3,2,0,2,0,24,2
amc-pacific-place-11,AMC Pacific Place 11,2026-08-06,2026-08-07,,47,49,2,13,10,4,1,9,6,2,8,1,39,9
amc-southcenter-16,AMC Southcenter 16,2026-08-06,2026-08-07,,79,89,10,15,12,5,2,10,6,5,11,5,68,16
amc-woodinville-12,AMC Woodinville 12,2026-08-06,2026-08-07,,55,54,-1,11,7,4,0,7,7,2,9,0,46,8
amc-alderwood-mall-16,AMC Alderwood Mall 16,2026-08-13,2026-08-14,,88,84,-4,21,22,3,4,18,4,10,14,6,74,4
amc-factoria-8,AMC Factoria 8,2026-08-13,2026-08-14,,42,42,0,7,6,1,0,6,2,0,2,0,40,2
amc-kent-station-14,AMC Kent Station 14,2026-08-13,2026-08-14,,82,80,-2,15,14,1,0,14,2,8,10,0,72,8
amc-oak-tree-6,AMC Oak Tree 6,2026-08-13,2026-08-14,,25,26,1,5,5,0,0,5,0,1,1,0,24,2
amc-pacific-place-11,AMC Pacific Place 11,2026-08-13,2026-08-14,,43,48,5,16,12,4,0,12,4,1,5,0,38,10
amc-southcenter-16,AMC Southcenter 16,2026-08-13,2026-08-14,,92,75,-17,24,19,6,1,18,8,14,22,1,70,4
amc-woodinville-12,AMC Woodinville 12,2026-08-13,2026-08-14,,61,62,1,11,10,1,0,10,1,6,7,0,54,8
amc-alderwood-mall-16,AMC Alderwood Mall 16,2026-08-20,2026-08-21,,77,85,8,23,22,2,1,21,3,6,9,1,68,16
amc-factoria-8,AMC Factoria 8,2026-08-20,2026-08-21,,42,51,9,9,7,2,0,7,5,0,5,0,37,14
amc-kent-station-14,AMC Kent Station 14,2026-08-20,2026-08-21,,73,74,1,21,16,5,0,16,5,4,9,0,64,10
amc-oak-tree-6,AMC Oak Tree 6,2026-08-20,2026-08-21,,26,30,4,6,6,0,0,6,0,0,0,0,26,4
amc-pacific-place-11,AMC Pacific Place 11,2026-08-20,2026-08-21,,41,46,5,17,14,5,2,12,5,1,6,4,35,7
amc-southcenter-16,AMC Southcenter 16,2026-08-20,2026-08-21,,68,76,8,19,17,2,0,17,3,4,7,0,61,15
amc-woodinville-12,AMC Woodinville 12,2026-08-20,2026-08-21,,51,54,3,15,13,2,0,13,3,2,5,0,46,8
amc-alderwood-mall-16,AMC Alderwood Mall 16,2026-08-27,2026-08-28,,80,79,-1,26,24,8,6,18,8,8,16,7,64,8
amc-factoria-8,AMC Factoria 8,2026-08-27,2026-08-28,,36,35,-1,9,9,0,0,9,0,3,3,0,33,2
amc-kent-station-14,AMC Kent Station 14,2026-08-27,2026-08-28,,75,64,-11,25,18,10,3,15,14,7,21,4,54,6
amc-oak-tree-6,AMC Oak Tree 6,2026-08-27,2026-08-28,,21,24,3,6,7,0,1,6,0,0,0,1,21,2
amc-pacific-place-11,AMC Pacific Place 11,2026-08-27,2026-08-28,,42,43,1,16,14,3,1,13,3,2,5,1,37,5
amc-southcenter-16,AMC Southcenter 16,2026-08-27,2026-08-28,,79,75,-4,26,29,4,7,22,4,13,17,8,62,5
amc-woodinville-12,AMC Woodinville 12,2026-08-27,2026-08-28,,57,57,0,19,15,6,2,13,7,2,9,4,48,5
amc-alderwood-mall-16,AMC Alderwood Mall 16,2026-09-03,2026-09-04,,78,67,-11,23,24,2,3,21,2,16,18,3,60,4
amc-factoria-8,AMC Factoria 8,2026-09-03,2026-09-04,,34,38,4,12,9,3,0,9,4,0,4,0,30,8
amc-kent-station-14,AMC Kent Station 14,2026-09-03,2026-09-04,,62,64,2,22,18,6,2,16,6,0,6,2,56,6
amc-oak-tree-6,AMC Oak Tree 6,2026-09-03,2026-09-04,,22,22,0,8,7,1,0,7,1,1,2,0,20,2
amc-pacific-place-11,AMC Pacific Place 11,2026-09-03,2026-09-04,,40,46,6,20,16,6,2,14,6,2,8,5,32,9
amc-southcenter-16,AMC Southcenter 16,2026-09-03,2026-09-04,,63,66,3,24,25,4,5,20,4,6,10,6,53,7
amc-woodinville-12,AMC Woodinville 12,2026-09-03,2026-09-04,,49,48,-1,18,16,3,1,15,3,3,6,1,43,4
amc-alderwood-mall-16,AMC Alderwood Mall 16,2026-09-10,2026-09-11,,64,66,2,22,22,2,2,20,2,2,4,3,60,3
amc-factoria-8,AMC Factoria 8,2026-09-10,2026-09-11,,35,36,1,12,8,4,0,8,4,0,4,0,31,5
amc-kent-station-14,AMC Kent Station 14,2026-09-10,2026-09-11,,59,62,3,21,16,5,0,16,5,1,6,0,53,9
amc-oak-tree-6,AMC Oak Tree 6,2026-09-10,2026-09-11,,16,18,2,7,7,1,1,6,1,1,2,3,14,1
amc-pacific-place-11,AMC Pacific Place 11,2026-09-10,2026-09-11,,44,42,-2,19,15,5,1,14,8,4,12,3,32,7
amc-southcenter-16,AMC Southcenter 16,2026-09-10,2026-09-11,,60,68,8,22,21,1,0,21,1,4,5,0,55,13
amc-woodinville-12,AMC Woodinville 12,2026-09-10,2026-09-11,,43,44,1,15,15,1,1,14,1,1,2,1,41,2
amc-alderwood-mall-16,AMC Alderwood Mall 16,2026-09-17,2026-09-18,,65,70,5,25,24,4,3,21,4,4,8,3,57,10
amc-factoria-8,AMC Factoria 8,2026-09-17,2026-09-18,,32,38,6,9,9,0,0,9,0,1,1,0,31,7
amc-kent-station-14,AMC Kent Station 14,2026-09-17,2026-09-18,,65,61,-4,20,16,5,1,15,6,2,8,1,57,3
amc-oak-tree-6,AMC Oak Tree 6,2026-09-17,2026-09-18,,21,20,-1,6,6,0,0,6,0,1,1,0,20,0
amc-pacific-place-11,AMC Pacific Place 11,2026-09-17,2026-09-18,,29,31,2,16,15,2,1,14,2,1,3,1,26,4
amc-southcenter-16,AMC Southcenter 16,2026-09-17,2026-09-18,,57,71,14,20,23,0,3,20,0,2,2,3,55,13
amc-woodinville-12,AMC Woodinville 12,2026-09-17,2026-09-18,,50,50,0,20,16,5,1,15,5,4,9,1,41,8
amc-alderwood-mall-16,AMC Alderwood Mall 16,2026-09-24,2026-09-25,,64,65,1,23,21,3,1,20,3,1,4,1,60,4
amc-factoria-8,AMC Factoria 8,2026-09-24,2026-09-25,,29,39,10,13,9,4,0,9,4,0,4,0,25,14
amc-kent-station-14,AMC Kent Station 14,2026-09-24,2026-09-25,,58,60,2,21,14,7,0,14,8,2,10,0,48,12
amc-oak-tree-6,AMC Oak Tree 6,2026-09-24,2026-09-25,,20,24,4,6,6,0,0,6,0,0,0,0,20,4
amc-pacific-place-11,AMC Pacific Place 11,2026-09-24,2026-09-25,,40,44,4,18,14,4,0,14,4,0,4,0,36,8
amc-southcenter-16,AMC Southcenter 16,2026-09-24,2026-09-25,,61,65,4,22,20,4,2,18,4,3,7,2,54,9
amc-woodinville-12,AMC Woodinville 12,2026-09-24,2026-09-25,,41,49,8,13,12,1,0,12,1,0,1,0,40,9
