error_class,title,theater_name,observation_date,predicted_bucket,bucket,dominant_auditorium,tier,opening_auditorium_score,mean_auditorium_score,opening_to_current_score,auditorium_score_change,premium_retained,premium_lost_since_prior_week,mean_adult_price,current_week_screenings,opening_week_screenings,p0,p1,p2,p3
"called final, played +1",Cars: 20th Anniversary,AMC Woodinville 12,2026-09-08,0,1,4,lower-middle,0.45454545454545453,0.45454545454545453,0.0,0.0,1.0,0.0,18.365,6.0,1.0,0.9959663911085781,0.0040298195599932,3.7880530849197984e-06,1.278343782706597e-09
"called final, played +1",Mighty Mary,AMC Pacific Place 11,2026-09-15,0,1,1,upper-middle,0.5285714285714286,0.5285714285714286,0.0,,,,14.84,14.0,14.0,0.9586953914095316,0.0408955161499301,0.00040762903233833054,1.4634081999291452e-06
"called final, played +1",Teenage Sex and Death at Camp Miasma,AMC Pacific Place 11,2026-09-08,0,1,3,top,0.6,0.89,0.29000000000000004,0.5525,0.0,0.0,14.794999999999998,11.0,2.0,0.958365541810654,0.041218697067400174,0.00041426151025973797,1.4996116860550875e-06
"called final, played +1",Cars: 20th Anniversary,AMC Alderwood Mall 16,2026-09-08,0,1,15,top,0.9333333333333332,0.8923076923076922,-0.04102564102564099,-0.04102564102564099,1.0,0.0,16.933076923076925,16.0,3.0,0.9471987181613155,0.05212661283330035,0.0006715496561487215,3.119349235417532e-06
"called final, played +1",Coyote vs. Acme,AMC Oak Tree 6,2026-09-15,0,1,2,lower-middle,0.4000000000000001,0.3125,-0.08750000000000008,0.02250000000000002,0.0,0.0,15.650625000000002,19.0,3.0,0.9313182741701258,0.06752551019394855,0.0011491540244066346,7.061611519013769e-06
"called final, played +1",Dear You,AMC Pacific Place 11,2026-09-15,0,1,4,upper-middle,0.16666666666666666,0.5647058823529412,0.39803921568627454,0.32396514161220047,0.0,0.0,14.813529411764707,19.0,3.0,0.9228470874673894,0.07568380552708362,0.001458943499301165,1.0163506225794994e-05
"called final, played +1",Mirzapur,AMC Southcenter 16,2026-09-08,0,1,4,upper-middle,0.6666666666666666,0.6666666666666666,0.0,,,,15.215000000000002,6.0,6.0,0.908804632316581,0.08911901784980535,0.002059132376154017,1.721745745959312e-05
"called final, played +1",MST3K: The RiffTrax Experiments - Sting of Death,AMC Woodinville 12,2026-09-08,0,1,4,lower-middle,,0.45454545454545453,,,,,18.9,1.0,1.0,0.8521054923613156,0.1421654824260613,0.005647350812574733,8.167440004834646e-05
"called final, played +1",Cars: 20th Anniversary,AMC Kent Station 14,2026-09-08,0,1,10,lower-middle,0.5128205128205129,0.497737556561086,-0.015082956259426905,-0.040723981900452455,1.0,0.0,16.539411764705882,20.0,3.0,0.8046812217354912,0.18489845246212003,0.010213746077840181,0.00020657972454862623
"called final, played +1",Cars: 20th Anniversary,AMC Southcenter 16,2026-09-08,0,1,5,upper-middle,0.8000000000000002,0.7155555555555556,-0.08444444444444454,-0.08444444444444454,1.0,0.0,16.58,17.0,3.0,0.8030341315130122,0.18635326666736016,0.010400045167529336,0.00021255665209832196
"called final, played +1",Hanuman Ansh,AMC Alderwood Mall 16,2026-09-15,0,1,13,upper-middle,0.6222222222222222,0.6222222222222222,0.0,,,,15.989166666666668,13.0,13.0,0.782528165754646,0.20428993754137392,0.012883550102646095,0.0002983466013339767
"called final, played +1",MST3K: The RiffTrax Experiments - Sting of Death,AMC Kent Station 14,2026-09-08,0,1,3,top,,0.8461538461538461,,,,,18.9,1.0,1.0,0.7780941157195821,0.20812465055262488,0.013461338732913412,0.0003198949948796142
"called final, played +2+",Dear You,AMC Pacific Place 11,2026-09-08,0,2,8,lower-middle,0.16666666666666666,0.32,0.15333333333333335,0.15333333333333335,0.0,0.0,14.606,26.0,3.0,0.9190851643090222,0.07929399405691354,0.0016090378524335391,1.1803781630723769e-05
"called final, played +2+",Coyote vs. Acme,AMC Oak Tree 6,2026-09-08,0,2,3,low,0.4000000000000001,0.21176470588235294,-0.18823529411764714,-0.23823529411764707,0.0,0.0,15.87764705882353,20.0,3.0,0.89637888952637,0.10091260371789003,0.002682665969285868,2.5840786454088417e-05
"called final, played +2+",Coyote vs. Acme,AMC Factoria 8,2026-09-08,0,3,3,upper-middle,0.7857142857142857,0.6598639455782314,-0.12585034013605434,0.08843537414965996,0.0,0.0,13.587142857142856,27.0,5.0,0.8362360081406165,0.1566416205895374,0.007008013160846944,0.00011435810899915542
"called final, played +2+",Coyote vs. Acme,AMC Pacific Place 11,2026-09-08,0,3,1,upper-middle,0.8,0.585,-0.21500000000000008,-0.11499999999999999,0.0,0.0,14.48,22.0,4.0,0.8227951478698838,0.1687657528215566,0.008290321632027541,0.00014877767653203455
"called final, played +2+",Coyote vs. Acme,AMC Woodinville 12,2026-09-08,0,2,5,top,0.75,0.7644628099173555,0.01446280991735549,0.36151440696895254,0.0,1.0,15.167272727272728,30.0,5.0,0.7589312663126158,0.22451089129032537,0.01613089017267457,0.0004269522243842945
"called final, played +2+",The Odyssey,AMC Pacific Place 11,2026-09-15,0,3,10,low,,0.0,,0.0,1.0,0.0,17.31,18.0,7.0,0.6066659262203343,0.34187034121994503,0.04882591438047008,0.002637818179250551
"called final, played +2+",The Fix,AMC Southcenter 16,2026-09-08,0,2,7,upper-middle,,0.7333333333333333,,,,,15.74,1.0,1.0,0.5838389928647723,0.3570667136659616,0.05578116429530911,0.0033131291739570486
"called final, played +2+",Coyote vs. Acme,AMC Kent Station 14,2026-09-14,0,3,13,upper-middle,0.8153846153846154,0.6762820512820512,-0.13910256410256416,0.2254273504273504,0.0,0.0,15.312083333333334,29.0,6.0,0.5402829229102746,0.38387836901271793,0.07081766978637838,0.005021038290629111
"called final, played +2+",Coyote vs. Acme,AMC Southcenter 16,2026-09-08,0,3,10,lower-middle,0.7733333333333333,0.2769230769230769,-0.49641025641025643,-0.3353576248313091,0.0,1.0,16.709230769230768,28.0,6.0,0.5227886161692872,0.3937583168450013,0.07755415081197796,0.005898916173733555
"called final, played +2+",Coyote vs. Acme,AMC Kent Station 14,2026-09-08,0,3,6,lower-middle,0.8153846153846154,0.46386946386946387,-0.3515151515151515,-0.08113871943659184,0.0,1.0,15.07818181818182,39.0,6.0,0.47043644970900766,0.41983419672840305,0.1003194580020518,0.00940989556053746
"called final, played +2+",Coyote vs. Acme,AMC Alderwood Mall 16,2026-09-08,0,3,1,low,0.7866666666666666,0.22133333333333333,-0.5653333333333332,-0.374015503875969,0.0,1.0,17.496,32.0,6.0,0.4605484796000899,0.4241104596632977,0.10508457575099274,0.010256484985619763
"called final, played +2+",Coyote vs. Acme,AMC Alderwood Mall 16,2026-09-15,0,3,1,low,0.7866666666666666,0.23030303030303034,-0.5563636363636363,0.011912225705329182,0.0,0.0,17.821363636363635,28.0,6.0,0.46018072573738955,0.4242652001299161,0.10526478060388117,0.010289293528813184
named example,Cars: 20th Anniversary,AMC Alderwood Mall 16,2026-09-15,0,0,2,upper-middle,0.9333333333333332,0.62,-0.31333333333333324,-0.2733333333333333,1.0,0.0,16.285,15.0,3.0,0.9302906554547765,0.06851727845539336,0.001184669152731838,7.396937098289172e-06
named example,By Any Means,AMC Alderwood Mall 16,2026-09-15,2,0,4,upper-middle,0.44000000000000006,0.7233333333333334,0.2833333333333333,0.21745098039215693,0.0,1.0,15.610000000000003,24.0,5.0,0.08893013957142325,0.2696549759960256,0.3460260754340939,0.2953888089984573
"predicted +1, survived 3+",The Odyssey,AMC Pacific Place 11,2026-09-08,1,3,10,low,,0.0,,0.0,1.0,0.0,17.31,21.0,7.0,0.2839062755200118,0.4516148536612054,0.21854629255343697,0.04593257826534582
"predicted long run, stopped after +1",The End of Oak Street,AMC Southcenter 16,2026-09-08,3,1,11,lower-middle,0.6444444444444445,0.3884057971014493,-0.2560386473429952,0.0717391304347827,0.0,0.0,14.918260869565218,24.0,6.0,0.0741102662666365,0.23736259395530435,0.3373429173316929,0.3511842224463663
"predicted long run, stopped after +1",By Any Means,AMC Southcenter 16,2026-09-08,3,1,16,upper-middle,0.5166666666666667,0.545679012345679,0.02901234567901223,-0.004320987654321096,1.0,0.0,16.206666666666667,29.0,4.0,0.06670467997386795,0.21967341447891323,0.32948708181945596,0.38413482372776286
"predicted long run, stopped after +1",The Dog Stars,AMC Southcenter 16,2026-09-08,3,1,13,upper-middle,0.35,0.6597701149425287,0.3097701149425287,0.2550082101806239,0.0,1.0,14.762413793103448,29.0,4.0,0.04032897215143031,0.14707577954957368,0.27242331769897243,0.5401719306000236
"predicted long run, stopped after +1",By Any Means,AMC Alderwood Mall 16,2026-09-08,3,1,11,lower-middle,0.44000000000000006,0.4980392156862745,0.05803921568627446,0.018039215686274535,1.0,0.0,16.421764705882353,36.0,5.0,0.02919778377568717,0.11133246759448805,0.22794381542931938,0.6315259332005054
"predicted long run, stopped after +1",Spider-Man: Brand New Day,AMC Oak Tree 6,2026-09-15,3,1,2,upper-middle,0.6307692307692307,0.6125,-0.018269230769230704,-0.09226190476190477,0.0,0.0,16.724375,20.0,15.0,0.006634068178805749,0.027773874241650745,0.07164714989550244,0.8939449076840411
