as_of,theater,auditorium_number,commitment_score,tier,showtimes_before_as_of,premium_share,opening_week_share,wide_opening_share,prime_share,friday_saturday_evening_share,median_adult_price
2026-09-06,AMC Alderwood Mall 16,1,0.2,low,234,0.0,0.047,0.047,0.261,0.085,18.36
2026-09-06,AMC Alderwood Mall 16,10,0.6,upper-middle,301,0.0,0.096,0.06,0.332,0.096,16.26
2026-09-06,AMC Alderwood Mall 16,11,0.467,lower-middle,288,0.0,0.094,0.031,0.354,0.101,16.26
2026-09-06,AMC Alderwood Mall 16,12,0.333,lower-middle,244,0.0,0.049,0.033,0.328,0.107,16.26
2026-09-06,AMC Alderwood Mall 16,13,0.533,upper-middle,287,0.0,0.105,0.038,0.348,0.091,16.26
2026-09-06,AMC Alderwood Mall 16,14,0.4,lower-middle,281,0.249,0.057,0.046,0.331,0.117,16.26
2026-09-06,AMC Alderwood Mall 16,15,0.933,top,275,0.091,0.182,0.113,0.316,0.091,16.26
2026-09-06,AMC Alderwood Mall 16,16,0.133,low,219,0.329,0.023,0.023,0.292,0.091,19.94
2026-09-06,AMC Alderwood Mall 16,2,0.867,top,285,0.039,0.168,0.088,0.323,0.084,16.26
2026-09-06,AMC Alderwood Mall 16,3,0.667,upper-middle,269,0.138,0.093,0.052,0.361,0.104,16.26
2026-09-06,AMC Alderwood Mall 16,4,0.733,upper-middle,290,0.0,0.148,0.103,0.29,0.083,16.26
2026-09-06,AMC Alderwood Mall 16,5,0.267,lower-middle,237,0.0,0.046,0.038,0.287,0.084,16.26
2026-09-06,AMC Alderwood Mall 16,6,0.8,top,286,0.0,0.098,0.056,0.385,0.112,16.26
2026-09-06,AMC Alderwood Mall 16,7,1.0,top,266,0.0,0.154,0.098,0.346,0.117,16.26
2026-09-06,AMC Alderwood Mall 16,8,0.067,low,233,1.0,0.073,0.073,0.21,0.069,22.56
2026-09-06,AMC Alderwood Mall 16,9,0.0,low,212,1.0,0.033,0.019,0.274,0.085,20.57
2026-09-06,AMC Factoria 8,1,0.0,low,198,0.0,0.02,0.02,0.242,0.071,15.95
2026-09-06,AMC Factoria 8,2,0.571,upper-middle,269,0.361,0.03,0.03,0.349,0.093,15.95
2026-09-06,AMC Factoria 8,3,0.714,upper-middle,244,0.0,0.066,0.066,0.311,0.09,14.41
2026-09-06,AMC Factoria 8,4,0.143,low,299,0.0,0.043,0.04,0.258,0.084,14.41
2026-09-06,AMC Factoria 8,5,0.286,lower-middle,261,0.0,0.027,0.027,0.322,0.103,14.41
2026-09-06,AMC Factoria 8,6,1.0,top,292,0.0,0.051,0.045,0.366,0.11,14.41
2026-09-06,AMC Factoria 8,7,0.429,lower-middle,288,0.233,0.035,0.035,0.316,0.094,14.41
2026-09-06,AMC Factoria 8,8,0.857,top,230,0.0,0.061,0.057,0.339,0.091,14.41
2026-09-06,AMC Kent Station 14,1,0.923,top,353,0.0,0.093,0.059,0.365,0.102,16.26
2026-09-06,AMC Kent Station 14,10,0.538,upper-middle,276,0.453,0.025,0.025,0.377,0.109,17.84
2026-09-06,AMC Kent Station 14,11,0.462,lower-middle,283,0.0,0.06,0.057,0.314,0.099,14.27
2026-09-06,AMC Kent Station 14,12,0.692,upper-middle,326,0.0,0.055,0.055,0.328,0.101,16.26
2026-09-06,AMC Kent Station 14,13,0.615,upper-middle,351,0.0,0.063,0.043,0.348,0.085,16.26
2026-09-06,AMC Kent Station 14,14,0.385,lower-middle,373,0.0,0.051,0.043,0.335,0.088,16.26
2026-09-06,AMC Kent Station 14,2,0.769,top,329,0.0,0.094,0.079,0.31,0.091,16.26
2026-09-06,AMC Kent Station 14,3,0.846,top,306,0.0,0.075,0.069,0.346,0.105,16.26
2026-09-06,AMC Kent Station 14,4,1.0,top,287,0.0,0.122,0.084,0.334,0.105,16.26
2026-09-06,AMC Kent Station 14,5,0.231,low,286,0.203,0.073,0.07,0.273,0.077,17.84
2026-09-06,AMC Kent Station 14,6,0.077,low,244,0.0,0.037,0.037,0.287,0.082,16.26
2026-09-06,AMC Kent Station 14,7,0.154,low,256,1.0,0.016,0.012,0.348,0.109,22.04
2026-09-06,AMC Kent Station 14,8,0.0,low,249,1.0,0.06,0.06,0.233,0.076,22.56
2026-09-06,AMC Kent Station 14,9,0.308,lower-middle,257,0.0,0.023,0.023,0.342,0.105,14.27
2026-09-06,AMC Oak Tree 6,1,1.0,top,213,0.282,0.047,0.047,0.469,0.131,16.26
2026-09-06,AMC Oak Tree 6,2,0.4,lower-middle,214,0.0,0.033,0.033,0.379,0.121,16.26
2026-09-06,AMC Oak Tree 6,3,0.0,low,194,0.0,0.021,0.021,0.309,0.088,16.26
2026-09-06,AMC Oak Tree 6,4,0.8,top,208,0.0,0.082,0.072,0.37,0.12,16.26
2026-09-06,AMC Oak Tree 6,5,0.2,low,227,0.0,0.048,0.048,0.33,0.11,16.26
2026-09-06,AMC Oak Tree 6,6,0.6,upper-middle,210,0.086,0.086,0.086,0.343,0.1,16.26
2026-09-06,AMC Pacific Place 11,1,0.8,top,232,0.0,0.095,0.06,0.409,0.108,15.74
2026-09-06,AMC Pacific Place 11,10,0.0,low,174,1.0,0.0,0.0,0.293,0.092,17.31
2026-09-06,AMC Pacific Place 11,11,0.1,low,202,0.0,0.064,0.04,0.342,0.109,15.74
2026-09-06,AMC Pacific Place 11,2,0.5,upper-middle,219,0.146,0.046,0.023,0.406,0.119,15.74
2026-09-06,AMC Pacific Place 11,3,1.0,top,196,0.107,0.082,0.077,0.469,0.143,15.74
2026-09-06,AMC Pacific Place 11,4,0.9,top,222,0.0,0.113,0.081,0.423,0.126,15.74
2026-09-06,AMC Pacific Place 11,5,0.7,upper-middle,235,0.111,0.106,0.043,0.387,0.123,15.74
2026-09-06,AMC Pacific Place 11,6,0.3,lower-middle,242,0.0,0.058,0.045,0.364,0.112,15.74
2026-09-06,AMC Pacific Place 11,7,0.6,upper-middle,252,0.0,0.079,0.052,0.381,0.119,15.74
2026-09-06,AMC Pacific Place 11,8,0.2,low,173,0.0,0.104,0.075,0.295,0.081,15.74
2026-09-06,AMC Pacific Place 11,9,0.4,lower-middle,193,0.088,0.057,0.036,0.383,0.109,15.74
2026-09-06,AMC Southcenter 16,1,0.0,low,215,1.0,0.019,0.005,0.284,0.084,22.04
2026-09-06,AMC Southcenter 16,10,0.333,lower-middle,228,0.0,0.044,0.044,0.338,0.105,17.84
2026-09-06,AMC Southcenter 16,11,0.267,lower-middle,257,0.152,0.031,0.019,0.354,0.113,15.74
2026-09-06,AMC Southcenter 16,12,0.933,top,306,0.0,0.157,0.105,0.35,0.098,15.74
2026-09-06,AMC Southcenter 16,13,0.667,upper-middle,306,0.0,0.111,0.075,0.353,0.108,15.74
2026-09-06,AMC Southcenter 16,14,0.533,upper-middle,292,0.301,0.058,0.041,0.373,0.116,15.74
2026-09-06,AMC Southcenter 16,15,0.6,upper-middle,326,0.0,0.141,0.046,0.334,0.092,15.74
2026-09-06,AMC Southcenter 16,16,0.467,lower-middle,323,0.0,0.087,0.037,0.365,0.096,15.74
2026-09-06,AMC Southcenter 16,2,0.067,low,208,0.067,0.019,0.019,0.332,0.106,19.41
2026-09-06,AMC Southcenter 16,3,0.4,lower-middle,244,0.32,0.066,0.033,0.357,0.094,17.31
2026-09-06,AMC Southcenter 16,4,0.867,top,292,0.0,0.13,0.065,0.38,0.123,15.74
2026-09-06,AMC Southcenter 16,5,0.8,top,312,0.25,0.119,0.103,0.365,0.106,15.74
2026-09-06,AMC Southcenter 16,6,1.0,top,270,0.248,0.167,0.126,0.337,0.096,15.74
2026-09-06,AMC Southcenter 16,7,0.733,upper-middle,322,0.0,0.112,0.078,0.36,0.115,15.74
2026-09-06,AMC Southcenter 16,8,0.2,low,338,0.0,0.065,0.021,0.328,0.092,15.74
2026-09-06,AMC Southcenter 16,9,0.133,low,247,1.0,0.065,0.065,0.263,0.093,22.04
2026-09-06,AMC Woodinville 12,1,0.091,low,241,0.0,0.05,0.046,0.328,0.1,15.74
2026-09-06,AMC Woodinville 12,10,1.0,top,251,0.0,0.112,0.108,0.335,0.088,15.74
2026-09-06,AMC Woodinville 12,11,0.545,upper-middle,268,0.0,0.056,0.056,0.369,0.112,15.74
2026-09-06,AMC Woodinville 12,12,0.636,upper-middle,274,0.0,0.062,0.062,0.369,0.117,15.74
2026-09-06,AMC Woodinville 12,2,0.273,lower-middle,237,0.059,0.072,0.072,0.316,0.093,15.74
2026-09-06,AMC Woodinville 12,3,0.727,upper-middle,254,0.0,0.063,0.059,0.382,0.11,15.74
2026-09-06,AMC Woodinville 12,4,0.455,lower-middle,225,0.373,0.044,0.044,0.369,0.116,17.31
2026-09-06,AMC Woodinville 12,5,0.818,top,213,0.0,0.085,0.085,0.352,0.099,15.74
2026-09-06,AMC Woodinville 12,6,0.0,low,228,1.0,0.061,0.061,0.224,0.07,23.09
2026-09-06,AMC Woodinville 12,7,0.909,top,211,0.199,0.081,0.071,0.37,0.118,15.74
2026-09-06,AMC Woodinville 12,8,0.182,low,229,0.0,0.048,0.048,0.319,0.109,15.74
2026-09-06,AMC Woodinville 12,9,0.364,lower-middle,279,0.0,0.097,0.09,0.28,0.093,15.74
