theater,auditorium_number,layout_id,layout_versions,first_seen,last_seen,number_of_showtimes,number_of_distinct_films,premium_formats_seen,median_adult_price,layout_auditorium_count,mapping_stability
AMC Alderwood Mall 16,1,112,1,2026-07-17,2026-10-01,439,16,,18.36,1,"one auditorium, one layout"
AMC Alderwood Mall 16,10,121,1,2026-07-17,2026-10-01,492,96,,16.26,1,"one auditorium, one layout"
AMC Alderwood Mall 16,11,122,1,2026-07-17,2026-10-01,490,88,,16.26,1,"one auditorium, one layout"
AMC Alderwood Mall 16,12,130,1,2026-07-17,2026-10-01,515,67,,16.26,1,"one auditorium, one layout"
AMC Alderwood Mall 16,13,124,1,2026-07-17,2026-10-01,426,88,,16.26,1,"one auditorium, one layout"
AMC Alderwood Mall 16,14,125,1,2026-07-17,2026-10-01,435,75,"REALD 3D REALD 3D|REALD 3D, CC, AUDIO DESCRIPTION REALD 3D",16.26,1,"one auditorium, one layout"
AMC Alderwood Mall 16,15,131,1,2026-07-17,2026-10-01,458,95,"REALD 3D REALD 3D|REALD 3D, CC, AUDIO DESCRIPTION REALD 3D",16.26,1,"one auditorium, one layout"
AMC Alderwood Mall 16,16,127,1,2026-07-17,2026-10-01,425,15,"REALD 3D REALD 3D|REALD 3D, AUDIO DESCRIPTION REALD 3D|REALD 3D, CC REALD 3D|REALD 3D, CC, AUDIO DESCRIPTION REALD 3D|REALD 3D, INFINITY VISION, CC, AUDIO DESCRIPTION REALD 3D",18.89,1,"one auditorium, one layout"
AMC Alderwood Mall 16,2,113,1,2026-07-17,2026-10-01,503,119,"REALD 3D REALD 3D|REALD 3D, CC, AUDIO DESCRIPTION REALD 3D",16.26,1,"one auditorium, one layout"
AMC Alderwood Mall 16,3,128,1,2026-07-17,2026-10-01,505,77,"REALD 3D REALD 3D|REALD 3D, CC, AUDIO DESCRIPTION REALD 3D",16.26,1,"one auditorium, one layout"
AMC Alderwood Mall 16,4,115,1,2026-07-17,2026-10-01,474,95,,16.26,1,"one auditorium, one layout"
AMC Alderwood Mall 16,5,129,1,2026-07-17,2026-10-01,494,65,,16.26,1,"one auditorium, one layout"
AMC Alderwood Mall 16,6,117,1,2026-07-17,2026-10-01,490,93,,16.26,1,"one auditorium, one layout"
AMC Alderwood Mall 16,7,118,1,2026-07-17,2026-10-01,448,88,,16.26,1,"one auditorium, one layout"
AMC Alderwood Mall 16,8,119,1,2026-07-17,2026-10-01,456,30,"DOLBY CINEMA AT AMC DOLBY CINEMA AT AMC|DOLBY CINEMA AT AMC, CC DOLBY CINEMA AT AMC|DOLBY CINEMA AT AMC, CC, AUDIO DESCRIPTION DOLBY CINEMA AT AMC|DOLBY CINEMA AT AMC, INFINITY VISION, CC, AUDIO DESCRIPTION DOLBY CINEMA AT AMC",22.56,1,"one auditorium, one layout"
AMC Alderwood Mall 16,9,120,1,2026-07-17,2026-10-01,500,17,"IMAX AT AMC IMAX AT AMC|IMAX AT AMC, CC, AUDIO DESCRIPTION IMAX AT AMC",22.56,1,"one auditorium, one layout"
AMC Factoria 8,1,69,1,2026-07-17,2026-10-01,466,21,,14.41,1,"one auditorium, one layout"
AMC Factoria 8,2,70,1,2026-07-17,2026-10-01,550,28,"REALD 3D REALD 3D|REALD 3D, CC, AUDIO DESCRIPTION REALD 3D",15.95,1,"one auditorium, one layout"
AMC Factoria 8,3,71,1,2026-07-17,2026-10-01,448,38,,14.41,1,"one auditorium, one layout"
AMC Factoria 8,4,72,1,2026-07-17,2026-10-01,449,35,,14.41,1,"one auditorium, one layout"
AMC Factoria 8,5,73,1,2026-07-17,2026-10-01,458,30,,14.41,1,"one auditorium, one layout"
AMC Factoria 8,6,74,1,2026-07-17,2026-10-01,494,38,,14.41,1,"one auditorium, one layout"
AMC Factoria 8,7,75,1,2026-07-17,2026-10-01,444,29,"REALD 3D REALD 3D|REALD 3D, CC, AUDIO DESCRIPTION REALD 3D",14.41,1,"one auditorium, one layout"
AMC Factoria 8,8,76,1,2026-07-17,2026-10-01,433,39,,14.41,1,"one auditorium, one layout"
AMC Kent Station 14,1,105,1,2026-07-17,2026-10-01,565,71,,16.26,1,"one auditorium, one layout"
AMC Kent Station 14,10,114,1,2026-07-17,2026-10-01,513,48,"REALD 3D REALD 3D|REALD 3D, CC, AUDIO DESCRIPTION REALD 3D",17.84,1,"one auditorium, one layout"
AMC Kent Station 14,11,115,1,2026-07-17,2026-10-01,494,54,,16.26,1,"one auditorium, one layout"
AMC Kent Station 14,12,127,1,2026-07-17,2026-10-01,517,59,,16.26,1,"one auditorium, one layout"
AMC Kent Station 14,13,117,1,2026-07-17,2026-10-01,535,73,,16.26,1,"one auditorium, one layout"
AMC Kent Station 14,14,118,1,2026-07-17,2026-10-01,518,60,,16.26,1,"one auditorium, one layout"
AMC Kent Station 14,2,106,1,2026-07-17,2026-10-01,485,66,,16.26,1,"one auditorium, one layout"
AMC Kent Station 14,3,125,1,2026-07-17,2026-10-01,487,65,,16.26,1,"one auditorium, one layout"
AMC Kent Station 14,4,126,1,2026-07-17,2026-10-01,514,78,,16.26,1,"one auditorium, one layout"
AMC Kent Station 14,5,109,1,2026-07-17,2026-10-01,461,62,"REALD 3D REALD 3D|REALD 3D, CC, AUDIO DESCRIPTION REALD 3D",16.26,1,"one auditorium, one layout"
AMC Kent Station 14,6,110,1,2026-07-17,2026-10-01,464,31,,16.26,1,"one auditorium, one layout"
AMC Kent Station 14,7,111,1,2026-07-17,2026-10-01,560,17,"IMAX AT AMC IMAX AT AMC|IMAX AT AMC, CC, AUDIO DESCRIPTION IMAX AT AMC",22.04,1,"one auditorium, one layout"
AMC Kent Station 14,8,112,1,2026-07-17,2026-10-01,504,24,"DOLBY CINEMA AT AMC DOLBY CINEMA AT AMC|DOLBY CINEMA AT AMC, CC DOLBY CINEMA AT AMC|DOLBY CINEMA AT AMC, CC, AUDIO DESCRIPTION DOLBY CINEMA AT AMC|DOLBY CINEMA AT AMC, INFINITY VISION, CC, AUDIO DESCRIPTION DOLBY CINEMA AT AMC",22.56,1,"one auditorium, one layout"
AMC Kent Station 14,9,113,1,2026-07-17,2026-10-01,537,33,,16.26,1,"one auditorium, one layout"
AMC Oak Tree 6,1,63,1,2026-07-17,2026-10-01,446,32,"REALD 3D REALD 3D|REALD 3D, CC, AUDIO DESCRIPTION REALD 3D",17.84,1,"one auditorium, one layout"
AMC Oak Tree 6,2,64,1,2026-07-17,2026-10-01,391,32,,16.26,1,"one auditorium, one layout"
AMC Oak Tree 6,3,65,1,2026-07-17,2026-10-01,420,30,,16.26,1,"one auditorium, one layout"
AMC Oak Tree 6,4,66,1,2026-07-17,2026-10-01,334,43,,16.26,1,"one auditorium, one layout"
AMC Oak Tree 6,5,67,1,2026-07-17,2026-10-01,344,31,,16.26,1,"one auditorium, one layout"
AMC Oak Tree 6,6,68,1,2026-07-17,2026-10-01,356,33,"REALD 3D REALD 3D|REALD 3D, CC, AUDIO DESCRIPTION REALD 3D",16.26,1,"one auditorium, one layout"
AMC Pacific Place 11,1,94,1,2026-07-17,2026-10-01,408,52,,15.74,1,"one auditorium, one layout"
AMC Pacific Place 11,10,103,1,2026-07-17,2026-10-01,344,11,70MM 70MM|70MM AT AMC 70MM AT AMC,17.31,1,"one auditorium, one layout"
AMC Pacific Place 11,11,104,1,2026-07-17,2026-10-01,391,48,,15.74,1,"one auditorium, one layout"
AMC Pacific Place 11,2,95,1,2026-07-17,2026-10-01,393,53,"REALD 3D REALD 3D|REALD 3D, CC, AUDIO DESCRIPTION REALD 3D",15.74,1,"one auditorium, one layout"
AMC Pacific Place 11,3,96,1,2026-07-17,2026-10-01,343,49,"REALD 3D REALD 3D|REALD 3D, CC, AUDIO DESCRIPTION REALD 3D",15.74,1,"one auditorium, one layout"
AMC Pacific Place 11,4,97,1,2026-07-17,2026-10-01,365,70,,15.74,1,"one auditorium, one layout"
AMC Pacific Place 11,5,98,1,2026-07-17,2026-10-01,357,62,"REALD 3D REALD 3D|REALD 3D, CC, AUDIO DESCRIPTION REALD 3D",15.74,1,"one auditorium, one layout"
AMC Pacific Place 11,6,99,1,2026-07-17,2026-10-01,425,56,,15.74,1,"one auditorium, one layout"
AMC Pacific Place 11,7,100,1,2026-07-17,2026-10-01,424,67,,15.74,1,"one auditorium, one layout"
AMC Pacific Place 11,8,101,1,2026-07-20,2026-10-01,351,44,,15.74,1,"one auditorium, one layout"
AMC Pacific Place 11,9,102,1,2026-07-17,2026-10-01,365,43,"REALD 3D REALD 3D|REALD 3D, CC, AUDIO DESCRIPTION REALD 3D",15.74,1,"one auditorium, one layout"
AMC Southcenter 16,1,111,1,2026-07-17,2026-10-01,519,15,"IMAX AT AMC IMAX AT AMC|IMAX AT AMC, CC, AUDIO DESCRIPTION IMAX AT AMC",22.04,1,"one auditorium, one layout"
AMC Southcenter 16,10,128,1,2026-07-17,2026-10-01,411,17,,17.84,1,"one auditorium, one layout"
AMC Southcenter 16,11,121,1,2026-07-17,2026-10-01,514,41,"REALD 3D REALD 3D|REALD 3D, CC, AUDIO DESCRIPTION REALD 3D",15.74,1,"one auditorium, one layout"
AMC Southcenter 16,12,122,1,2026-07-17,2026-10-01,479,104,,15.74,1,"one auditorium, one layout"
AMC Southcenter 16,13,123,1,2026-07-17,2026-10-01,566,94,,15.74,1,"one auditorium, one layout"
AMC Southcenter 16,14,124,1,2026-07-17,2026-10-01,531,77,"REALD 3D REALD 3D|REALD 3D, CC, AUDIO DESCRIPTION REALD 3D",15.74,1,"one auditorium, one layout"
AMC Southcenter 16,15,125,1,2026-07-17,2026-10-01,538,85,,15.74,1,"one auditorium, one layout"
AMC Southcenter 16,16,,1,2026-08-08,2026-08-09,2,1,,13.85,0,"one auditorium, one layout"
AMC Southcenter 16,16,126,1,2026-07-17,2026-10-01,508,97,,15.74,1,"one auditorium, one layout"
AMC Southcenter 16,2,127,1,2026-07-17,2026-10-01,447,15,"REALD 3D, CC, AUDIO DESCRIPTION REALD 3D",17.84,1,"one auditorium, one layout"
AMC Southcenter 16,3,113,1,2026-07-17,2026-10-01,488,57,"REALD 3D REALD 3D|REALD 3D, CC, AUDIO DESCRIPTION REALD 3D",17.31,1,"one auditorium, one layout"
AMC Southcenter 16,4,,1,2026-07-17,2026-09-27,20,9,,224.7,0,"one auditorium, one layout"
AMC Southcenter 16,4,114,1,2026-07-17,2026-10-01,426,99,,15.74,1,"one auditorium, one layout"
AMC Southcenter 16,5,115,1,2026-07-17,2026-10-01,553,101,"REALD 3D REALD 3D|REALD 3D, CC, AUDIO DESCRIPTION REALD 3D",15.74,1,"one auditorium, one layout"
AMC Southcenter 16,6,116,1,2026-07-17,2026-10-01,488,96,"REALD 3D REALD 3D|REALD 3D, CC, AUDIO DESCRIPTION REALD 3D",15.74,1,"one auditorium, one layout"
AMC Southcenter 16,7,117,1,2026-07-17,2026-10-01,544,94,,15.74,1,"one auditorium, one layout"
AMC Southcenter 16,8,,1,2026-07-26,2026-07-31,3,2,,240.45,0,"one auditorium, one layout"
AMC Southcenter 16,8,118,1,2026-07-17,2026-10-01,505,104,,15.74,1,"one auditorium, one layout"
AMC Southcenter 16,9,119,1,2026-07-17,2026-10-01,498,29,"DOLBY CINEMA AT AMC DOLBY CINEMA AT AMC|DOLBY CINEMA AT AMC, CC DOLBY CINEMA AT AMC|DOLBY CINEMA AT AMC, CC, AUDIO DESCRIPTION DOLBY CINEMA AT AMC|DOLBY CINEMA AT AMC, INFINITY VISION, CC, AUDIO DESCRIPTION DOLBY CINEMA AT AMC",22.04,1,"one auditorium, one layout"
AMC Woodinville 12,1,91,1,2026-07-17,2026-10-01,402,41,,15.74,1,"one auditorium, one layout"
AMC Woodinville 12,10,100,1,2026-07-17,2026-10-01,449,55,,15.74,1,"one auditorium, one layout"
AMC Woodinville 12,11,101,1,2026-07-17,2026-10-01,440,60,,15.74,1,"one auditorium, one layout"
AMC Woodinville 12,12,102,1,2026-07-17,2026-10-01,404,52,,15.74,1,"one auditorium, one layout"
AMC Woodinville 12,2,92,1,2026-07-17,2026-10-01,493,52,"REALD 3D REALD 3D|REALD 3D, CC, AUDIO DESCRIPTION REALD 3D",15.74,1,"one auditorium, one layout"
AMC Woodinville 12,3,93,1,2026-07-17,2026-10-01,382,54,,15.74,1,"one auditorium, one layout"
AMC Woodinville 12,4,94,1,2026-07-17,2026-10-01,385,49,"REALD 3D REALD 3D|REALD 3D, CC, AUDIO DESCRIPTION REALD 3D",17.31,1,"one auditorium, one layout"
AMC Woodinville 12,5,95,1,2026-07-17,2026-10-01,468,37,,15.74,1,"one auditorium, one layout"
AMC Woodinville 12,6,96,1,2026-07-17,2026-10-01,438,23,"DOLBY CINEMA AT AMC DOLBY CINEMA AT AMC|DOLBY CINEMA AT AMC, CC DOLBY CINEMA AT AMC|DOLBY CINEMA AT AMC, CC, AUDIO DESCRIPTION DOLBY CINEMA AT AMC|DOLBY CINEMA AT AMC, INFINITY VISION, CC, AUDIO DESCRIPTION DOLBY CINEMA AT AMC",23.09,1,"one auditorium, one layout"
AMC Woodinville 12,7,97,1,2026-07-17,2026-10-01,436,46,"REALD 3D REALD 3D|REALD 3D, CC, AUDIO DESCRIPTION REALD 3D",15.74,1,"one auditorium, one layout"
AMC Woodinville 12,8,98,1,2026-07-17,2026-10-01,460,44,,15.74,1,"one auditorium, one layout"
AMC Woodinville 12,9,99,1,2026-07-17,2026-10-01,486,48,,15.74,1,"one auditorium, one layout"
