model,mode,n,log_loss,brier,pr_auc_final_week,pr_auc_exactly_1,pr_auc_exactly_2,pr_auc_3_plus,median_abs_error_capped,ranking_pairwise
pr141_opening,,405,0.7273115637950004,0.3537960657253071,0.9095179805895279,0.45369365392339034,0.24539076741720792,0.796162092634904,0.20659650923107392,0.8770447921004104
raw_auditorium_count,cumulative,405,0.7269959862753209,0.35410893754191886,0.9091782388185832,0.446769639275757,0.24413999128585973,0.7987081488606919,0.21010433239382212,0.8781155196002617
raw_auditorium_count,added_alone,405,0.7269959862753209,0.35410893754191886,0.9091782388185832,0.446769639275757,0.24413999128585973,0.7987081488606919,0.21010433239382212,0.8781155196002617
hierarchy_score,cumulative,405,0.766393401544381,0.3826663229952182,0.9015850832491683,0.3656421401709299,0.25989596152284605,0.799051443308773,0.26129158766876737,0.8677651537683659
hierarchy_score,added_alone,405,0.7574153922279212,0.3747465315035972,0.9031764184522058,0.3919608930647192,0.2706495295531608,0.7959642448518217,0.23734640564362508,0.8691927904348343
movement,cumulative,405,0.9742194527535034,0.43621862613428175,0.8578258626197314,0.36229963760070005,0.17691606597317489,0.7554384266216111,0.2863074389494358,0.827077508774017
movement,added_alone,405,0.9160862491645174,0.4010413045137929,0.8638129588359166,0.4036969634234857,0.2004716999267001,0.760875946947835,0.21899639693844583,0.8394503598834097
relative_price,cumulative,405,0.9899286609579514,0.43745858589601017,0.863230074526238,0.3505590564257287,0.21307568610066435,0.7423965585955288,0.2837377113660502,0.8244006900243888
relative_price,added_alone,405,0.7344719025655961,0.35879032078299655,0.9122701468968654,0.444569845059549,0.2540336712646644,0.7941442499806414,0.1913788207471853,0.8740110641841651
premium_retention,cumulative,405,1.0084586960081419,0.44372106919207827,0.8557048741515583,0.3649522379027471,0.1989394993609502,0.7326777987101079,0.28689121819969493,0.8211290226637321
premium_retention,added_alone,405,0.7482148470840214,0.3561313596184812,0.9024977933775085,0.47608574820630706,0.26395626848286263,0.7827656350591845,0.21853003554902375,0.8743084884896793
all_auditorium,cumulative,405,1.0084586960081419,0.44372106919207827,0.8557048741515583,0.3649522379027471,0.1989394993609502,0.7326777987101079,0.28689121819969493,0.8211290226637321
