slice,key,showtimes,auditorium_showtimes,layout_id_showtimes,adult_price_showtimes,premium_format_showtimes,is_sold_out_true,is_almost_sold_out_true,auditorium_share,adult_price_share
log_date,2026-06-29,3517,0,0,0,0,0,0,0.0,0.0
log_date,2026-06-30,4053,0,0,0,0,0,0,0.0,0.0
log_date,2026-07-01,4879,0,0,0,0,0,0,0.0,0.0
log_date,2026-07-02,4617,0,0,0,0,0,2,0.0,0.0
log_date,2026-07-03,4324,0,0,0,0,0,1,0.0,0.0
log_date,2026-07-04,4019,0,0,0,0,0,1,0.0,0.0
log_date,2026-07-05,3718,0,0,0,0,0,1,0.0,0.0
log_date,2026-07-06,3395,0,0,0,0,0,1,0.0,0.0
log_date,2026-07-07,3698,0,0,0,0,0,2,0.0,0.0
log_date,2026-07-08,4134,0,0,0,0,0,3,0.0,0.0
log_date,2026-07-09,3868,0,0,0,0,0,3,0.0,0.0
log_date,2026-07-10,3581,0,0,0,0,0,3,0.0,0.0
log_date,2026-07-11,3272,0,0,0,0,0,3,0.0,0.0
log_date,2026-07-12,2943,0,0,0,0,0,3,0.0,0.0
log_date,2026-07-13,2614,0,0,0,0,0,5,0.0,0.0
log_date,2026-07-14,2953,0,0,0,0,0,6,0.0,0.0
log_date,2026-07-15,3851,0,0,0,0,0,6,0.0,0.0
log_date,2026-07-16,3675,0,0,0,0,0,18,0.0,0.0
log_date,2026-07-17,3502,3502,3502,3502,0,12,30,1.0,1.0
log_date,2026-07-18,3324,3324,3324,3324,0,11,26,1.0,1.0
log_date,2026-07-19,3114,3114,3114,3114,0,13,23,1.0,1.0
log_date,2026-07-20,2876,2876,2876,2876,0,13,18,1.0,1.0
log_date,2026-07-21,3635,3635,3635,3635,0,12,24,1.0,1.0
log_date,2026-07-22,4288,4288,4288,4288,0,26,30,1.0,1.0
log_date,2026-07-23,4104,4104,4104,4104,0,26,31,1.0,1.0
log_date,2026-07-24,3867,3867,3867,3867,0,5,38,1.0,1.0
log_date,2026-07-25,3641,3641,3641,3641,0,3,39,1.0,1.0
log_date,2026-07-26,3414,3414,3414,3414,0,3,35,1.0,1.0
log_date,2026-07-27,3163,3163,3163,3163,0,5,29,1.0,1.0
log_date,2026-07-28,3629,3629,3629,3629,0,1,36,1.0,1.0
log_date,2026-07-29,4402,4402,4402,4402,0,2,47,1.0,1.0
log_date,2026-07-30,4215,4215,4215,4215,0,11,53,1.0,1.0
log_date,2026-07-31,3981,3981,3981,3981,0,7,48,1.0,1.0
log_date,2026-08-01,3768,3768,3768,3768,0,4,41,1.0,1.0
log_date,2026-08-02,3519,3519,3519,3519,0,2,22,1.0,1.0
log_date,2026-08-03,3250,3250,3250,3250,0,0,8,1.0,1.0
log_date,2026-08-04,3558,3558,3558,3558,0,18,7,1.0,1.0
log_date,2026-08-05,4175,4175,4175,4175,0,30,5,1.0,1.0
log_date,2026-08-06,3912,3912,3912,3912,0,29,2,1.0,1.0
log_date,2026-08-07,3641,3641,3641,3641,0,4,1,1.0,1.0
log_date,2026-08-08,3322,3322,3322,3322,0,4,4,1.0,1.0
log_date,2026-08-09,3040,3040,3040,3040,0,2,2,1.0,1.0
log_date,2026-08-10,2756,2756,2756,2756,0,0,1,1.0,1.0
log_date,2026-08-11,3324,3324,3324,3324,0,13,2,1.0,1.0
log_date,2026-08-12,3951,3951,3951,3951,0,2,5,1.0,1.0
log_date,2026-08-13,3813,3813,3813,3813,0,2,3,1.0,1.0
log_date,2026-08-14,3536,3536,3536,3536,0,1,5,1.0,1.0
log_date,2026-08-15,3294,3294,3294,3294,0,0,7,1.0,1.0
log_date,2026-08-16,3050,3050,3050,3050,0,0,9,1.0,1.0
log_date,2026-08-17,2782,2782,2782,2782,0,0,0,1.0,1.0
log_date,2026-08-18,3258,3258,3258,3258,0,7,0,1.0,1.0
log_date,2026-08-19,3755,3755,3755,3755,0,3,0,1.0,1.0
log_date,2026-08-20,3405,3405,3405,3405,0,3,0,1.0,1.0
log_date,2026-08-21,3189,3189,3189,3189,0,8,1,1.0,1.0
log_date,2026-08-22,2917,2917,2917,2917,0,2,1,1.0,1.0
log_date,2026-08-23,2635,2635,2635,2635,0,6,1,1.0,1.0
log_date,2026-08-24,2367,2367,2367,2367,0,1,1,1.0,1.0
log_date,2026-08-25,2728,2728,2728,2728,0,5,1,1.0,1.0
log_date,2026-08-26,3564,3564,3564,3564,0,0,1,1.0,1.0
log_date,2026-08-27,3371,3371,3371,3371,0,0,1,1.0,1.0
log_date,2026-08-28,3104,3104,3104,3104,0,1,1,1.0,1.0
log_date,2026-08-29,2850,2850,2850,2850,0,2,1,1.0,1.0
log_date,2026-08-30,2599,2599,2599,2599,0,1,1,1.0,1.0
log_date,2026-08-31,2306,2306,2306,2306,0,0,1,1.0,1.0
log_date,2026-09-01,3038,3038,3038,3038,0,1,1,1.0,1.0
log_date,2026-09-02,3468,3468,3468,3468,0,1,1,1.0,1.0
log_date,2026-09-03,6831,6831,6831,6831,0,6,17,1.0,1.0
log_date,2026-09-04,6483,6483,6483,6483,0,7,17,1.0,1.0
log_date,2026-09-05,6455,6455,6455,6455,0,12,17,1.0,1.0
log_date,2026-09-06,6088,6088,6088,6088,0,10,17,1.0,1.0
log_date,2026-09-07,5708,5708,5708,5708,0,9,17,1.0,1.0
log_date,2026-09-08,5479,5479,5479,5479,0,8,17,1.0,1.0
log_date,2026-09-09,6916,6916,6916,6916,0,8,17,1.0,1.0
log_date,2026-09-10,6644,6644,6644,6644,0,8,18,1.0,1.0
log_date,2026-09-11,6422,6422,6422,6422,0,5,18,1.0,1.0
log_date,2026-09-12,6250,6250,6250,6250,0,3,18,1.0,1.0
log_date,2026-09-13,5919,5919,5919,5919,0,3,18,1.0,1.0
log_date,2026-09-14,5571,5571,5571,5571,0,2,18,1.0,1.0
log_date,2026-09-15,6031,6031,6031,6031,0,4,18,1.0,1.0
log_date,2026-09-16,6824,6824,6824,6824,0,4,18,1.0,1.0
log_date,2026-09-17,6675,6675,6675,6675,0,4,18,1.0,1.0
log_date,2026-09-18,6438,6438,6438,6438,0,5,17,1.0,1.0
log_date,2026-09-19,6179,6179,6179,6179,0,4,17,1.0,1.0
log_date,2026-09-20,5823,5823,5823,5823,0,5,19,1.0,1.0
log_date,2026-09-21,5923,5923,5923,5923,0,4,19,1.0,1.0
log_date,2026-09-22,6329,6329,6329,6329,0,12,19,1.0,1.0
log_date,2026-09-23,7255,7255,7255,7255,0,1,20,1.0,1.0
log_date,2026-09-24,7005,7005,7005,7005,0,3,20,1.0,1.0
log_date,2026-09-25,6725,6725,6725,6725,0,3,19,1.0,1.0
log_date,2026-09-26,6425,6425,6425,6425,0,3,19,1.0,1.0
log_date,2026-09-27,6089,6089,6089,6089,0,1,19,1.0,1.0
log_date,2026-09-28,5747,5747,5747,5747,0,8,18,1.0,1.0
log_date,2026-09-29,6089,6089,6089,6089,0,8,20,1.0,1.0
log_date,2026-09-30,7077,7077,7077,7077,0,5,21,1.0,1.0
log_date,2026-10-01,7049,7049,7049,7049,0,5,21,1.0,1.0
ordinary_vs_special,ordinary,34887,34110,34087,34110,5594,128,240,0.9777,0.9777
ordinary_vs_special,special_or_rerelease,4033,4027,4025,4027,451,13,16,0.9985,0.9985
ordinary_vs_special,unmatched,53,49,49,49,15,0,0,0.9245,0.9245
segment,accessibility_presentation,27,27,27,27,0,0,0,1.0,1.0
segment,ambiguous_limited,15,15,15,15,0,0,0,1.0,1.0
segment,ambiguous_special,2079,2079,2077,2079,216,6,1,1.0,1.0
segment,ordinary,34887,34110,34087,34110,5594,128,240,0.9777,0.9777
segment,rerelease,725,725,725,725,144,1,8,1.0,1.0
segment,special_event,1187,1181,1181,1181,91,6,7,0.9949,0.9949
segment,unmatched,53,49,49,49,15,0,0,0.9245,0.9245
theater,AMC Alderwood Mall 16,7698,7550,7550,7550,1401,39,90,0.9808,0.9808
theater,AMC Factoria 8,3824,3742,3742,3742,283,24,2,0.9786,0.9786
theater,AMC Kent Station 14,7295,7154,7154,7154,1403,21,33,0.9807,0.9807
theater,AMC Oak Tree 6,2336,2291,2291,2291,182,1,6,0.9807,0.9807
theater,AMC Pacific Place 11,4275,4166,4166,4166,447,17,44,0.9745,0.9745
theater,AMC Southcenter 16,8191,8040,8015,8040,1623,37,62,0.9816,0.9816
theater,AMC Woodinville 12,5354,5243,5243,5243,721,2,19,0.9793,0.9793
prepublication_ordinary_vs_special,ordinary,1235,998,914,998,,,,0.8081,0.8081
prepublication_ordinary_vs_special,special_or_rerelease,672,459,425,459,,,,0.683,0.683
prepublication_segment,accessibility_presentation,12,7,2,7,,,,0.5833,0.5833
prepublication_segment,ambiguous_limited,5,5,5,5,,,,1.0,1.0
prepublication_segment,ambiguous_special,65,65,65,65,,,,1.0,1.0
prepublication_segment,ordinary,1235,998,914,998,,,,0.8081,0.8081
prepublication_segment,ordinary_title_only,136,0,0,0,,,,0.0,0.0
prepublication_segment,other,3,0,0,0,,,,0.0,0.0
prepublication_segment,rerelease,88,81,79,81,,,,0.9205,0.9205
prepublication_segment,rerelease_title_only,7,0,0,0,,,,0.0,0.0
prepublication_segment,special_event,310,301,274,301,,,,0.971,0.971
prepublication_segment,special_event_title_only,46,0,0,0,,,,0.0,0.0
prepublication_split,holdout,521,520,520,520,,,,0.9981,0.9981
prepublication_split,train,899,461,343,461,,,,0.5128,0.5128
prepublication_split,validation,487,476,476,476,,,,0.9774,0.9774
