theater_id,theater_name,upcoming_friday,typical_friday_volume,date_50,weekday_50,date_80,weekday_80,date_95,weekday_95,publication_snapshot,prepublication_snapshot,monday_snapshot,tuesday_snapshot,weekdays_listed_at_80,full_week_same_snapshot,incremental,reached_80
amc-alderwood-mall-16,AMC Alderwood Mall 16,2026-07-03,79.0,2026-07-01,Wednesday,2026-07-01,Wednesday,2026-07-01,Wednesday,2026-07-01,2026-06-30,2026-06-29,2026-06-30,7,1,1,1
amc-alderwood-mall-16,AMC Alderwood Mall 16,2026-07-10,79.0,2026-07-08,Wednesday,2026-07-08,Wednesday,2026-07-08,Wednesday,2026-07-08,2026-07-07,2026-07-06,2026-07-07,7,1,1,1
amc-alderwood-mall-16,AMC Alderwood Mall 16,2026-07-17,80.5,2026-07-15,Wednesday,2026-07-15,Wednesday,2026-07-15,Wednesday,2026-07-15,2026-07-14,2026-07-13,2026-07-14,7,1,1,1
amc-alderwood-mall-16,AMC Alderwood Mall 16,2026-07-24,80.5,2026-07-22,Wednesday,2026-07-22,Wednesday,,,2026-07-22,2026-07-21,2026-07-20,2026-07-21,7,1,1,1
amc-alderwood-mall-16,AMC Alderwood Mall 16,2026-07-31,79.0,2026-07-28,Tuesday,2026-07-29,Wednesday,2026-07-29,Wednesday,2026-07-29,2026-07-28,2026-07-27,2026-07-28,7,1,1,1
amc-alderwood-mall-16,AMC Alderwood Mall 16,2026-08-07,79.0,2026-08-05,Wednesday,2026-08-05,Wednesday,2026-08-05,Wednesday,2026-08-05,2026-08-04,2026-08-03,2026-08-04,7,1,1,1
amc-alderwood-mall-16,AMC Alderwood Mall 16,2026-08-14,79.0,2026-08-12,Wednesday,2026-08-12,Wednesday,2026-08-12,Wednesday,2026-08-12,2026-08-11,2026-08-10,2026-08-11,7,1,1,1
amc-alderwood-mall-16,AMC Alderwood Mall 16,2026-08-21,79.0,2026-08-19,Wednesday,2026-08-19,Wednesday,2026-08-19,Wednesday,2026-08-19,2026-08-18,2026-08-17,2026-08-18,7,1,1,1
amc-alderwood-mall-16,AMC Alderwood Mall 16,2026-08-28,80.5,2026-08-26,Wednesday,2026-08-26,Wednesday,,,2026-08-26,2026-08-25,2026-08-24,2026-08-25,7,1,1,1
amc-alderwood-mall-16,AMC Alderwood Mall 16,2026-09-04,80.5,2026-09-02,Wednesday,2026-09-02,Wednesday,,,2026-09-02,2026-09-01,2026-08-31,2026-09-01,7,1,1,1
amc-alderwood-mall-16,AMC Alderwood Mall 16,2026-09-11,80.5,2026-09-09,Wednesday,2026-09-09,Wednesday,,,2026-09-09,2026-09-08,2026-09-07,2026-09-08,7,1,1,1
amc-alderwood-mall-16,AMC Alderwood Mall 16,2026-09-18,80.5,2026-09-16,Wednesday,2026-09-16,Wednesday,,,2026-09-16,2026-09-15,2026-09-14,2026-09-15,7,1,1,1
amc-alderwood-mall-16,AMC Alderwood Mall 16,2026-09-25,80.5,2026-09-23,Wednesday,2026-09-23,Wednesday,,,2026-09-23,2026-09-22,2026-09-21,2026-09-22,7,1,1,1
amc-factoria-8,AMC Factoria 8,2026-07-03,38.0,2026-06-30,Tuesday,2026-06-30,Tuesday,2026-06-30,Tuesday,2026-06-30,2026-06-29,2026-06-29,,7,1,1,1
amc-factoria-8,AMC Factoria 8,2026-07-10,38.0,2026-07-02,Thursday,2026-07-07,Tuesday,2026-07-07,Tuesday,2026-07-07,2026-07-06,2026-07-06,,7,1,1,1
amc-factoria-8,AMC Factoria 8,2026-07-17,38.0,2026-07-14,Tuesday,2026-07-14,Tuesday,2026-07-14,Tuesday,2026-07-14,2026-07-13,2026-07-13,,7,1,1,1
amc-factoria-8,AMC Factoria 8,2026-07-24,38.5,2026-07-21,Tuesday,2026-07-21,Tuesday,,,2026-07-21,2026-07-20,2026-07-20,,7,1,1,1
amc-factoria-8,AMC Factoria 8,2026-07-31,38.5,2026-07-28,Tuesday,2026-07-28,Tuesday,,,2026-07-28,2026-07-27,2026-07-27,,7,1,1,1
amc-factoria-8,AMC Factoria 8,2026-08-07,38.5,2026-08-04,Tuesday,2026-08-04,Tuesday,2026-08-04,Tuesday,2026-08-04,2026-08-03,2026-08-03,,7,1,1,1
amc-factoria-8,AMC Factoria 8,2026-08-14,38.0,2026-08-07,Friday,2026-08-11,Tuesday,2026-08-11,Tuesday,2026-08-11,2026-08-10,2026-08-10,,7,1,1,1
amc-factoria-8,AMC Factoria 8,2026-08-21,38.0,2026-08-18,Tuesday,2026-08-18,Tuesday,2026-08-20,Thursday,2026-08-18,2026-08-17,2026-08-17,,7,1,1,1
amc-factoria-8,AMC Factoria 8,2026-08-28,38.5,2026-08-25,Tuesday,2026-08-25,Tuesday,,,2026-08-25,2026-08-24,2026-08-24,,7,1,1,1
amc-factoria-8,AMC Factoria 8,2026-09-04,38.5,2026-09-01,Tuesday,2026-09-01,Tuesday,2026-09-01,Tuesday,2026-09-01,2026-08-31,2026-08-31,,7,1,1,1
amc-factoria-8,AMC Factoria 8,2026-09-11,38.5,2026-09-09,Wednesday,2026-09-09,Wednesday,,,2026-09-09,2026-09-08,2026-09-07,2026-09-08,7,1,1,1
amc-factoria-8,AMC Factoria 8,2026-09-18,38.5,2026-09-15,Tuesday,2026-09-15,Tuesday,2026-09-15,Tuesday,2026-09-15,2026-09-14,2026-09-14,,7,1,1,1
amc-factoria-8,AMC Factoria 8,2026-09-25,38.0,2026-09-17,Thursday,2026-09-22,Tuesday,2026-09-22,Tuesday,2026-09-22,2026-09-21,2026-09-21,,7,1,1,1
amc-kent-station-14,AMC Kent Station 14,2026-07-03,73.0,2026-06-30,Tuesday,2026-06-30,Tuesday,2026-06-30,Tuesday,2026-06-30,2026-06-29,2026-06-29,,7,1,1,1
amc-kent-station-14,AMC Kent Station 14,2026-07-10,76.0,2026-07-02,Thursday,2026-07-07,Tuesday,,,2026-07-07,2026-07-06,2026-07-06,,7,1,1,1
amc-kent-station-14,AMC Kent Station 14,2026-07-17,73.0,2026-07-14,Tuesday,2026-07-14,Tuesday,2026-07-14,Tuesday,2026-07-14,2026-07-13,2026-07-13,,7,1,1,1
amc-kent-station-14,AMC Kent Station 14,2026-07-24,73.0,2026-07-21,Tuesday,2026-07-21,Tuesday,2026-07-21,Tuesday,2026-07-21,2026-07-20,2026-07-20,,7,1,1,1
amc-kent-station-14,AMC Kent Station 14,2026-07-31,73.0,2026-07-23,Thursday,2026-07-28,Tuesday,2026-07-28,Tuesday,2026-07-28,2026-07-27,2026-07-27,,7,1,1,1
amc-kent-station-14,AMC Kent Station 14,2026-08-07,73.0,2026-08-04,Tuesday,2026-08-04,Tuesday,2026-08-04,Tuesday,2026-08-04,2026-08-03,2026-08-03,,7,1,1,1
amc-kent-station-14,AMC Kent Station 14,2026-08-14,73.0,2026-08-11,Tuesday,2026-08-11,Tuesday,2026-08-11,Tuesday,2026-08-11,2026-08-10,2026-08-10,,7,1,1,1
amc-kent-station-14,AMC Kent Station 14,2026-08-21,75.0,2026-08-18,Tuesday,2026-08-18,Tuesday,2026-08-18,Tuesday,2026-08-18,2026-08-17,2026-08-17,,7,1,1,1
amc-kent-station-14,AMC Kent Station 14,2026-08-28,76.0,2026-08-25,Tuesday,2026-08-25,Tuesday,,,2026-08-25,2026-08-24,2026-08-24,,7,1,1,1
amc-kent-station-14,AMC Kent Station 14,2026-09-04,76.0,2026-09-01,Tuesday,2026-09-01,Tuesday,,,2026-09-01,2026-08-31,2026-08-31,,7,1,1,1
amc-kent-station-14,AMC Kent Station 14,2026-09-11,76.0,2026-09-09,Wednesday,2026-09-09,Wednesday,,,2026-09-09,2026-09-08,2026-09-07,2026-09-08,7,1,1,1
amc-kent-station-14,AMC Kent Station 14,2026-09-18,76.0,2026-09-15,Tuesday,2026-09-15,Tuesday,,,2026-09-15,2026-09-14,2026-09-14,,7,1,1,1
amc-kent-station-14,AMC Kent Station 14,2026-09-25,76.0,2026-09-22,Tuesday,,,,,2026-09-22,2026-09-21,2026-09-21,,0,0,0,0
amc-oak-tree-6,AMC Oak Tree 6,2026-07-03,24.0,2026-06-29,Monday,2026-07-01,Wednesday,2026-07-01,Wednesday,2026-07-01,2026-06-30,2026-06-29,2026-06-30,7,1,1,1
amc-oak-tree-6,AMC Oak Tree 6,2026-07-10,24.0,2026-07-02,Thursday,2026-07-08,Wednesday,2026-07-08,Wednesday,2026-07-08,2026-07-07,2026-07-06,2026-07-07,7,1,1,1
amc-oak-tree-6,AMC Oak Tree 6,2026-07-17,24.0,2026-07-09,Thursday,2026-07-15,Wednesday,2026-07-15,Wednesday,2026-07-15,2026-07-14,2026-07-13,2026-07-14,7,1,1,1
amc-oak-tree-6,AMC Oak Tree 6,2026-07-24,25.0,2026-07-22,Wednesday,2026-07-22,Wednesday,,,2026-07-22,2026-07-21,2026-07-20,2026-07-21,7,1,1,1
amc-oak-tree-6,AMC Oak Tree 6,2026-07-31,25.0,2026-07-28,Tuesday,2026-07-28,Tuesday,2026-07-28,Tuesday,2026-07-28,2026-07-27,2026-07-27,,7,1,1,1
amc-oak-tree-6,AMC Oak Tree 6,2026-08-07,24.0,2026-08-05,Wednesday,2026-08-05,Wednesday,2026-08-05,Wednesday,2026-08-05,2026-08-04,2026-08-03,2026-08-04,7,1,1,1
amc-oak-tree-6,AMC Oak Tree 6,2026-08-14,24.0,2026-08-12,Wednesday,2026-08-12,Wednesday,2026-08-12,Wednesday,2026-08-12,2026-08-11,2026-08-10,2026-08-11,7,1,1,1
amc-oak-tree-6,AMC Oak Tree 6,2026-08-21,24.0,2026-08-19,Wednesday,2026-08-19,Wednesday,2026-08-19,Wednesday,2026-08-19,2026-08-18,2026-08-17,2026-08-18,7,1,1,1
amc-oak-tree-6,AMC Oak Tree 6,2026-08-28,25.0,2026-08-26,Wednesday,2026-08-26,Wednesday,2026-08-26,Wednesday,2026-08-26,2026-08-25,2026-08-24,2026-08-25,7,1,1,1
amc-oak-tree-6,AMC Oak Tree 6,2026-09-04,25.0,2026-09-01,Tuesday,2026-09-01,Tuesday,,,2026-09-01,2026-08-31,2026-08-31,,7,1,1,1
amc-oak-tree-6,AMC Oak Tree 6,2026-09-11,25.0,2026-09-09,Wednesday,,,,,2026-09-09,2026-09-08,2026-09-07,2026-09-08,0,0,0,0
amc-oak-tree-6,AMC Oak Tree 6,2026-09-18,25.0,2026-09-16,Wednesday,,,,,2026-09-16,2026-09-15,2026-09-14,2026-09-15,0,0,0,0
amc-oak-tree-6,AMC Oak Tree 6,2026-09-25,25.0,2026-09-17,Thursday,2026-09-23,Wednesday,2026-09-23,Wednesday,2026-09-23,2026-09-22,2026-09-21,2026-09-22,7,1,1,1
amc-pacific-place-11,AMC Pacific Place 11,2026-07-03,46.0,2026-06-30,Tuesday,2026-07-01,Wednesday,,,2026-07-01,2026-06-30,2026-06-29,2026-06-30,7,1,1,1
amc-pacific-place-11,AMC Pacific Place 11,2026-07-10,46.0,2026-07-07,Tuesday,2026-07-08,Wednesday,2026-07-08,Wednesday,2026-07-08,2026-07-07,2026-07-06,2026-07-07,7,1,1,1
amc-pacific-place-11,AMC Pacific Place 11,2026-07-17,46.0,2026-07-14,Tuesday,2026-07-14,Tuesday,2026-07-14,Tuesday,2026-07-14,2026-07-13,2026-07-13,,7,1,1,1
amc-pacific-place-11,AMC Pacific Place 11,2026-07-24,46.0,2026-07-21,Tuesday,2026-07-21,Tuesday,2026-07-21,Tuesday,2026-07-21,2026-07-20,2026-07-20,,7,1,1,1
amc-pacific-place-11,AMC Pacific Place 11,2026-07-31,46.0,2026-07-29,Wednesday,2026-07-29,Wednesday,2026-07-29,Wednesday,2026-07-29,2026-07-28,2026-07-27,2026-07-28,7,1,1,1
amc-pacific-place-11,AMC Pacific Place 11,2026-08-07,46.0,2026-08-04,Tuesday,2026-08-04,Tuesday,2026-08-04,Tuesday,2026-08-04,2026-08-03,2026-08-03,,7,1,1,1
amc-pacific-place-11,AMC Pacific Place 11,2026-08-14,46.0,2026-08-06,Thursday,2026-08-11,Tuesday,2026-08-11,Tuesday,2026-08-11,2026-08-10,2026-08-10,,7,1,1,1
amc-pacific-place-11,AMC Pacific Place 11,2026-08-21,46.0,2026-08-18,Tuesday,2026-08-18,Tuesday,2026-08-18,Tuesday,2026-08-18,2026-08-17,2026-08-17,,7,1,1,1
amc-pacific-place-11,AMC Pacific Place 11,2026-08-28,46.0,2026-08-25,Tuesday,2026-08-25,Tuesday,,,2026-08-25,2026-08-24,2026-08-24,,7,1,1,1
amc-pacific-place-11,AMC Pacific Place 11,2026-09-04,46.0,2026-08-27,Thursday,2026-09-01,Tuesday,2026-09-01,Tuesday,2026-09-01,2026-08-31,2026-08-31,,7,1,1,1
amc-pacific-place-11,AMC Pacific Place 11,2026-09-11,46.0,2026-09-09,Wednesday,2026-09-09,Wednesday,,,2026-09-09,2026-09-08,2026-09-07,2026-09-08,7,1,1,1
amc-pacific-place-11,AMC Pacific Place 11,2026-09-18,46.0,2026-09-16,Wednesday,,,,,2026-09-16,2026-09-15,2026-09-14,2026-09-15,0,0,0,0
amc-pacific-place-11,AMC Pacific Place 11,2026-09-25,46.0,2026-09-18,Friday,2026-09-22,Tuesday,,,2026-09-22,2026-09-21,2026-09-21,,7,1,1,1
amc-southcenter-16,AMC Southcenter 16,2026-07-03,75.0,2026-07-01,Wednesday,2026-07-01,Wednesday,2026-07-01,Wednesday,2026-07-01,2026-06-30,2026-06-29,2026-06-30,7,1,1,1
amc-southcenter-16,AMC Southcenter 16,2026-07-10,75.0,2026-07-02,Thursday,2026-07-07,Tuesday,2026-07-07,Tuesday,2026-07-07,2026-07-06,2026-07-06,,7,1,1,1
amc-southcenter-16,AMC Southcenter 16,2026-07-17,75.5,2026-07-15,Wednesday,2026-07-15,Wednesday,2026-07-15,Wednesday,2026-07-15,2026-07-14,2026-07-13,2026-07-14,7,1,1,1
amc-southcenter-16,AMC Southcenter 16,2026-07-24,75.0,2026-07-21,Tuesday,2026-07-21,Tuesday,2026-07-21,Tuesday,2026-07-21,2026-07-20,2026-07-20,,7,1,1,1
amc-southcenter-16,AMC Southcenter 16,2026-07-31,75.0,2026-07-23,Thursday,2026-07-29,Wednesday,2026-07-29,Wednesday,2026-07-29,2026-07-28,2026-07-27,2026-07-28,7,1,1,1
amc-southcenter-16,AMC Southcenter 16,2026-08-07,75.0,2026-08-02,Sunday,2026-08-05,Wednesday,2026-08-05,Wednesday,2026-08-05,2026-08-04,2026-08-03,2026-08-04,7,1,1,1
amc-southcenter-16,AMC Southcenter 16,2026-08-14,75.5,2026-08-12,Wednesday,2026-08-12,Wednesday,2026-08-12,Wednesday,2026-08-12,2026-08-11,2026-08-10,2026-08-11,7,1,1,1
amc-southcenter-16,AMC Southcenter 16,2026-08-21,75.0,2026-08-13,Thursday,2026-08-19,Wednesday,2026-08-19,Wednesday,2026-08-19,2026-08-18,2026-08-17,2026-08-18,7,1,1,1
amc-southcenter-16,AMC Southcenter 16,2026-08-28,75.5,2026-08-25,Tuesday,2026-08-25,Tuesday,2026-08-25,Tuesday,2026-08-25,2026-08-24,2026-08-24,,7,1,1,1
amc-southcenter-16,AMC Southcenter 16,2026-09-04,75.5,2026-09-02,Wednesday,2026-09-02,Wednesday,,,2026-09-02,2026-09-01,2026-08-31,2026-09-01,7,1,1,1
amc-southcenter-16,AMC Southcenter 16,2026-09-11,75.5,2026-09-09,Wednesday,2026-09-09,Wednesday,,,2026-09-09,2026-09-08,2026-09-07,2026-09-08,7,1,1,1
amc-southcenter-16,AMC Southcenter 16,2026-09-18,75.5,2026-09-16,Wednesday,2026-09-16,Wednesday,,,2026-09-16,2026-09-15,2026-09-14,2026-09-15,7,1,1,1
amc-southcenter-16,AMC Southcenter 16,2026-09-25,75.5,2026-09-23,Wednesday,2026-09-23,Wednesday,,,2026-09-23,2026-09-22,2026-09-21,2026-09-22,7,1,1,1
amc-woodinville-12,AMC Woodinville 12,2026-07-03,54.0,2026-06-29,Monday,2026-06-30,Tuesday,2026-06-30,Tuesday,2026-06-30,2026-06-29,2026-06-29,,7,1,1,1
amc-woodinville-12,AMC Woodinville 12,2026-07-10,54.0,2026-07-02,Thursday,2026-07-07,Tuesday,2026-07-07,Tuesday,2026-07-07,2026-07-06,2026-07-06,,7,1,1,1
amc-woodinville-12,AMC Woodinville 12,2026-07-17,54.0,2026-07-15,Wednesday,2026-07-15,Wednesday,2026-07-15,Wednesday,2026-07-15,2026-07-14,2026-07-13,2026-07-14,7,1,1,1
amc-woodinville-12,AMC Woodinville 12,2026-07-24,54.0,2026-07-21,Tuesday,2026-07-21,Tuesday,,,2026-07-21,2026-07-20,2026-07-20,,7,1,1,1
amc-woodinville-12,AMC Woodinville 12,2026-07-31,54.0,2026-07-26,Sunday,2026-07-28,Tuesday,2026-07-28,Tuesday,2026-07-28,2026-07-27,2026-07-27,,7,1,1,1
amc-woodinville-12,AMC Woodinville 12,2026-08-07,54.0,2026-08-01,Saturday,2026-08-04,Tuesday,2026-08-04,Tuesday,2026-08-04,2026-08-03,2026-08-03,,7,1,1,1
amc-woodinville-12,AMC Woodinville 12,2026-08-14,54.0,2026-08-11,Tuesday,2026-08-11,Tuesday,2026-08-11,Tuesday,2026-08-11,2026-08-10,2026-08-10,,7,1,1,1
amc-woodinville-12,AMC Woodinville 12,2026-08-21,54.0,2026-08-18,Tuesday,2026-08-18,Tuesday,2026-08-18,Tuesday,2026-08-18,2026-08-17,2026-08-17,,7,1,1,1
amc-woodinville-12,AMC Woodinville 12,2026-08-28,54.0,2026-08-26,Wednesday,2026-08-26,Wednesday,2026-08-26,Wednesday,2026-08-26,2026-08-25,2026-08-24,2026-08-25,7,1,1,1
amc-woodinville-12,AMC Woodinville 12,2026-09-04,54.0,2026-09-01,Tuesday,2026-09-01,Tuesday,,,2026-09-01,2026-08-31,2026-08-31,,7,1,1,1
amc-woodinville-12,AMC Woodinville 12,2026-09-11,54.0,2026-09-09,Wednesday,2026-09-09,Wednesday,,,2026-09-09,2026-09-08,2026-09-07,2026-09-08,7,1,1,1
amc-woodinville-12,AMC Woodinville 12,2026-09-18,54.0,2026-09-15,Tuesday,2026-09-15,Tuesday,,,2026-09-15,2026-09-14,2026-09-14,,7,1,1,1
amc-woodinville-12,AMC Woodinville 12,2026-09-25,54.0,2026-09-22,Tuesday,2026-09-22,Tuesday,,,2026-09-22,2026-09-21,2026-09-21,,7,1,1,1
