title,theater_name,observation_date,segment,actual_bucket,predicted_bucket,p0,p1,p2,p3,expected_weeks,theatrical_week_number,current_week_screenings,wow_pct_change,market_theater_count,confidence
Cars: 20th Anniversary,AMC Woodinville 12,2026-09-08,rerelease,plus_1,final_week,0.9986371131338778,0.001362412918998303,4.7388490976483997e-07,6.221411376093225e-11,0.0013633608754601738,2.0,6.0,5.0,4.0,0.9986371131338778
Cars: 20th Anniversary,AMC Alderwood Mall 16,2026-09-08,rerelease,plus_1,final_week,0.9795993808884043,0.020292896241740938,0.000107507493749947,2.153761048551653e-07,0.020508557357555395,2.0,16.0,4.333333333333333,4.0,0.9795993808884043
Coyote vs. Acme,AMC Oak Tree 6,2026-09-15,ambiguous_special,plus_1,final_week,0.9138208884720245,0.08415611269395634,0.0020048111111890293,1.8187722830155364e-05,0.08822029808482487,4.0,19.0,-0.17391304347826086,7.0,0.9138208884720245
Mighty Mary,AMC Pacific Place 11,2026-09-15,ordinary,plus_1,final_week,0.9092130860556534,0.08853353406959404,0.002231940890757801,2.1438983994728442e-05,0.09306173280309382,1.0,14.0,,1.0,0.9092130860556534
Cars: 20th Anniversary,AMC Southcenter 16,2026-09-08,rerelease,plus_1,final_week,0.908559793499962,0.08915308572851069,0.0022651900827911505,2.1930688736193676e-05,0.09374925796030156,2.0,17.0,4.666666666666667,4.0,0.908559793499962
Cars: 20th Anniversary,AMC Kent Station 14,2026-09-08,rerelease,plus_1,final_week,0.9052859171738235,0.09225381623705173,0.0024357519341632735,2.4514654961544634e-05,0.09719886407026292,2.0,20.0,5.666666666666667,4.0,0.9052859171738235
The Uprising,AMC Alderwood Mall 16,2026-09-08,ordinary,plus_2,plus_3,0.006685739957259647,0.02555415303867498,0.06328427946861749,0.9044758275354478,2.8655501945822532,1.0,4.0,,6.0,0.9044758275354478
Dear You,AMC Pacific Place 11,2026-09-08,ordinary,plus_2,final_week,0.9014281123418025,0.09589885399969124,0.0026452079817875173,2.7825676718714782e-05,0.10127274699342241,2.0,26.0,7.666666666666667,1.0,0.9014281123418025
The Uprising,AMC Southcenter 16,2026-09-08,ordinary,plus_2,plus_3,0.007622356670807493,0.029028654483252547,0.07123124529365152,0.8921177435522885,2.847844375727421,1.0,4.0,,6.0,0.8921177435522885
Dear You,AMC Pacific Place 11,2026-09-15,ordinary,plus_1,final_week,0.8920866024146191,0.10468546994400332,0.0031907970838004752,3.713055757707229e-05,0.1111784557843355,3.0,19.0,-0.32142857142857145,1.0,0.8920866024146191
Coyote vs. Acme,AMC Oak Tree 6,2026-09-08,ambiguous_special,plus_2,final_week,0.8814337675140949,0.11463562240316907,0.0038803976224756854,5.021246026037917e-05,0.12254705502890158,3.0,20.0,-0.16666666666666666,7.0,0.8814337675140949
Coyote vs. Acme,AMC Factoria 8,2026-09-08,ambiguous_special,plus_3,final_week,0.8475325287229828,0.14578256322018118,0.006571190166876768,0.00011371788995925325,0.15926609722381246,3.0,27.0,-0.15625,7.0,0.8475325287229828
The Uprising,AMC Kent Station 14,2026-09-08,ordinary,plus_2,plus_3,0.011215947506542675,0.04212677915922647,0.099851458108961,0.8468058152252699,2.782247141052958,1.0,4.0,,6.0,0.8468058152252699
Teenage Sex and Death at Camp Miasma,AMC Pacific Place 11,2026-09-08,ordinary,plus_1,final_week,0.8456287056331553,0.1475074138922721,0.006745423674571333,0.0001184568000012819,0.1613536316414186,4.0,11.0,-0.35294117647058826,1.0,0.8456287056331553
MST3K: The RiffTrax Experiments - Sting of Death,AMC Woodinville 12,2026-09-08,special_event,plus_1,final_week,0.844625435997163,0.14841529749201535,0.00683825546250817,0.00012101104831348311,0.16245484156197215,1.0,1.0,,4.0,0.844625435997163
Mirzapur,AMC Southcenter 16,2026-09-08,ordinary,plus_1,final_week,0.8384783053574302,0.15396171199694672,0.007422436178646949,0.00013754646697616181,0.1692192237551691,1.0,6.0,,1.0,0.8384783053574302
Coyote vs. Acme,AMC Pacific Place 11,2026-09-08,ambiguous_special,plus_3,final_week,0.7745738922480376,0.20985799688437448,0.01514412680624163,0.0004239840613462506,0.24141820268089648,3.0,22.0,-0.21428571428571427,7.0,0.7745738922480376
MST3K: The RiffTrax Experiments - Sting of Death,AMC Kent Station 14,2026-09-08,special_event,plus_1,final_week,0.7697429270988786,0.2139439776121971,0.015856799212177444,0.0004562960767468454,0.24702646426679253,1.0,1.0,,4.0,0.7697429270988786
Coyote vs. Acme,AMC Woodinville 12,2026-09-08,ambiguous_special,plus_2,final_week,0.7356705598138733,0.24215163333253842,0.021436859656529864,0.0007409471970584038,0.28724819423677334,3.0,30.0,-0.3877551020408163,7.0,0.7356705598138733
Hanuman Ansh,AMC Alderwood Mall 16,2026-09-15,ordinary,plus_1,final_week,0.7305654274511088,0.24628216285565596,0.022359153453082987,0.000793256240152288,0.2933802384822788,1.0,13.0,,1.0,0.7305654274511088
Oasis: Don't Look Back in Anger,AMC Alderwood Mall 16,2026-09-08,ordinary,plus_2,plus_3,0.021941363133938692,0.07911555389849123,0.16999348523462482,0.7289495977329453,2.6059513175665767,1.0,3.0,,4.0,0.7289495977329453
The Uprising,AMC Woodinville 12,2026-09-08,ordinary,plus_2,plus_3,0.022544977516229442,0.08110739665328524,0.1733506805893977,0.7229969452410876,2.596799593555344,1.0,3.0,,6.0,0.7229969452410876
Hope,AMC Oak Tree 6,2026-09-15,ordinary,plus_1,final_week,0.7050826272280486,0.26650338988500316,0.02731491594303184,0.0010990669439164223,0.3244304226028161,1.0,18.0,,6.0,0.7050826272280486
Oasis: Don't Look Back in Anger,AMC Southcenter 16,2026-09-08,ordinary,plus_2,plus_3,0.025035921485240902,0.08922970000291269,0.1866203662597515,0.6991140122520949,2.5598124692787003,1.0,3.0,,4.0,0.6991140122520949
The Passion of the Christ (2026 Event),AMC Kent Station 14,2026-09-08,special_event,plus_1,final_week,0.6913360774117103,0.27712535615711903,0.030239775785850506,0.0012987906453201237,0.3415012796647804,1.0,1.0,,3.0,0.6913360774117103
Coyote vs. Acme,AMC Woodinville 12,2026-09-14,ambiguous_special,plus_1,final_week,0.6840064430536609,0.28270324510875655,0.03187381372418183,0.0014164981134007668,0.3507003668973225,4.0,28.0,-0.17647058823529413,7.0,0.6840064430536609
The Fix,AMC Southcenter 16,2026-09-15,ordinary,plus_1,final_week,0.6775238163188111,0.28758552723916775,0.0333630793292967,0.001527577112724445,0.35889441723593446,2.0,15.0,14.0,4.0,0.6775238163188111
The Uprising,AMC Pacific Place 11,2026-09-08,ordinary,plus_2,plus_3,0.028143956699639268,0.09914783604193148,0.20192906305113056,0.6707791442072988,2.515343394766089,1.0,3.0,,6.0,0.6707791442072988
MST3K: The RiffTrax Experiments - Sting of Death,AMC Alderwood Mall 16,2026-09-08,special_event,plus_1,final_week,0.6679848806004156,0.2946805051151944,0.03563095544099966,0.0017036588433903186,0.37105339252736463,1.0,2.0,,4.0,0.6679848806004156
The Fix,AMC Kent Station 14,2026-09-08,ordinary,plus_1,final_week,0.6584635748700094,0.30165385096448266,0.037987152051481066,0.0018954221140268816,0.38331442140952543,1.0,1.0,,3.0,0.6584635748700094
Akira,AMC Pacific Place 11,2026-09-08,ordinary,plus_1,final_week,0.65209847656552,0.3062535974908564,0.03961479881697627,0.002033127126647319,0.3915825765047509,2.0,13.0,12.0,5.0,0.65209847656552
MST3K: The RiffTrax Experiments - Sting of Death,AMC Southcenter 16,2026-09-08,special_event,plus_1,final_week,0.6403592697584525,0.31460294837043784,0.042729257561163136,0.002308524309946553,0.40698703642260375,1.0,1.0,,4.0,0.6403592697584525
Buddy,AMC Factoria 8,2026-09-08,ordinary,plus_1,final_week,0.6064921468702283,0.3376632672025076,0.052563792760414015,0.0032807931668500383,0.45263323222388574,2.0,27.0,12.5,7.0,0.6064921468702283
Oasis: Don't Look Back in Anger,AMC Woodinville 12,2026-09-14,ordinary,plus_1,final_week,0.6006675464763795,0.3414671309226506,0.054387078145941695,0.0034782444550282058,0.46067602057961854,2.0,19.0,5.333333333333333,4.0,0.6006675464763795
Buddy,AMC Pacific Place 11,2026-09-15,ordinary,plus_1,final_week,0.6000519826302244,0.3418662370848016,0.0545820963780031,0.0034996839069708565,0.4615294815617204,3.0,8.0,-0.2,7.0,0.6000519826302244
Ghost in the Shell 30th Anniversary,AMC Southcenter 16,2026-09-15,rerelease,plus_1,final_week,0.5955763589896754,0.34475118807600313,0.05601350864418245,0.0036589442901389744,0.4677550382347849,1.0,1.0,,2.0,0.5955763589896754
Oasis: Don't Look Back in Anger,AMC Kent Station 14,2026-09-08,ordinary,plus_2,plus_3,0.04007815671808861,0.135102040775205,0.24963895100828465,0.5751808514984217,2.359922497287039,1.0,3.0,,4.0,0.5751808514984217
Buddy,AMC Oak Tree 6,2026-09-08,ordinary,plus_1,final_week,0.5695920173892419,0.36089494634295766,0.06480248212953499,0.004710554138265456,0.504631573016824,2.0,20.0,9.0,7.0,0.5695920173892419
The Passion of the Christ (2026 Event),AMC Alderwood Mall 16,2026-09-08,special_event,plus_1,final_week,0.5612709753716127,0.36583693972998477,0.06779430663848263,0.005097778259919885,0.5167188877867097,1.0,1.0,,3.0,0.5612709753716127
The Passion of the Christ (2026 Event),AMC Southcenter 16,2026-09-08,special_event,plus_1,final_week,0.5560011314816531,0.36890711383367103,0.06973478040826879,0.005356974276407094,0.5244475974794299,1.0,1.0,,3.0,0.5560011314816531
