thursday,observation_date,title,segment,p0,p1,p2,p3,expected_weeks,bucket,remaining_weeks,censored,theatrical_week_number,market_screenings,market_theater_count
2026-09-10,2026-09-08,The Odyssey,ordinary,0.0014484558040659425,0.007090365616882399,0.0270893686090387,0.9643718099700129,2.954384532744999,3,4,0,9.0,166.0,7.0
2026-09-10,2026-09-08,Spider-Man: Brand New Day,ordinary,0.011589794032789542,0.05401651369020678,0.17290954844972095,0.7614841438272827,2.6842880420714965,3,4,0,7.0,259.0,7.0
2026-09-10,2026-09-08,The Hunger Games: Catching Fire (2026),special_event,0.9876290519089185,0.012339597051216483,3.1330774210292115e-05,2.02656547491254e-08,0.012402319396601314,0,0,0,1.0,4.0,4.0
2026-09-10,2026-09-08,The Hunger Games: Mockingjay - Part 1 (2026),special_event,0.9863791795339495,0.013582776151861962,3.801720478646467e-05,2.7109402083187828e-08,0.01365889188964114,0,0,0,1.0,4.0,4.0
2026-09-10,2026-09-08,The Hunger Games: Mockingjay - Part 2 (2026),special_event,0.9850049462340282,0.014948894325903316,4.612318161646477e-05,3.6258451985809556e-08,0.015041249464492201,0,0,0,1.0,4.0,4.0
2026-09-10,2026-09-08,The Hunger Games: The Ballad of Songbirds & Snakes (2026),special_event,0.8832406135892957,0.11371040467681028,0.0030283092160107677,2.067251788322943e-05,0.1198290406624815,0,0,0,1.0,3.0,3.0
2026-09-10,2026-09-08,Runner,ordinary,0.0255465436050923,0.11153222342104074,0.29057111538436087,0.572350117589506,2.4097248069582804,3,3,0,1.0,19.0,5.0
2026-09-10,2026-09-08,MST3K: The RiffTrax Experiments - Sting of Death,special_event,0.8985143543304978,0.09921270175173279,0.0022597636871345434,1.3180230634911962e-05,0.1037717698179066,1,1,0,1.0,5.0,4.0
2026-09-10,2026-09-08,PAW Patrol: The Dino Movie,ordinary,0.2343036210007675,0.4604705437817987,0.26115456225616984,0.04407127296126393,1.1149934871779301,2,2,0,5.0,73.0,5.0
2026-09-10,2026-09-08,The End of Oak Street,ordinary,0.04952679336012815,0.19426689011075932,0.37980952824512876,0.37639678828398376,2.083076311452968,1,1,0,5.0,97.0,6.0
2026-09-10,2026-09-08,The Passion of the Christ (2026 Event),special_event,0.8177783802917102,0.17434194986825274,0.007790033526033649,8.963631400337774e-05,0.19019092586233016,1,1,0,1.0,3.0,3.0
2026-09-10,2026-09-08,Insidious: Out of the Further,ordinary,0.34272323643169234,0.47320233774709863,0.1674874440061011,0.01658698181510791,0.8579381712046246,2,2,0,4.0,125.0,5.0
2026-09-10,2026-09-08,Coyote vs. Acme,ambiguous_special,0.25545808532683795,0.46792145367724036,0.2404340250651669,0.03618643593075475,1.0573488115998384,3,4,0,3.0,198.0,7.0
2026-09-10,2026-09-08,The Dog Stars,ordinary,0.024629355309583923,0.1079828589009838,0.2848547818259078,0.5825330039635245,2.425291434443373,1,1,0,3.0,184.0,7.0
2026-09-10,2026-09-08,Mutiny,ordinary,0.8595301319868417,0.13596290144748346,0.004469249572742579,3.771699293227545e-05,0.14501455157176546,0,0,0,4.0,20.0,3.0
2026-09-10,2026-09-08,Practical Magic 2,ordinary,0.0041688015430091764,0.020137118167682617,0.07316545739924452,0.9025286228900637,2.874053901636363,3,4,0,1.0,30.0,7.0
2026-09-10,2026-09-08,Tony,ordinary,0.3732204464962654,0.4675238465771409,0.1465468560684629,0.012708850858130765,0.798744111288459,0,0,0,4.0,29.0,4.0
2026-09-10,2026-09-08,Spa Weekend,ordinary,0.7871607077800433,0.20177321354498015,0.010913694255027428,0.00015238441994910558,0.22405775531488234,0,0,0,4.0,5.0,1.0
2026-09-10,2026-09-08,Finding Emily,ordinary,0.3195083726006606,0.4752040992380336,0.1849467471134562,0.02034078104784956,0.9061199366084948,0,0,0,3.0,31.0,5.0
2026-09-10,2026-09-08,The Nutty Professor: 30th Anniversary,rerelease,0.9175456131381743,0.08097835110968146,0.0014692178199864538,6.817932157803106e-06,0.08393724054612778,0,0,0,1.0,4.0,2.0
2026-09-10,2026-09-08,Oasis: Don’t Look Back In Anger IMAX Early Access,special_event,0.8348492974207354,0.1587796805378701,0.006306598013509911,6.442402788456252e-05,0.1715861486485436,0,0,0,1.0,3.0,3.0
2026-09-10,2026-09-08,By Any Means,ordinary,0.03591617001770915,0.14959541625584016,0.3413423008990531,0.47314611282739766,2.251718356536139,2,2,0,2.0,214.0,7.0
2026-09-10,2026-09-08,Colony,ordinary,0.8488212467969896,0.14590773310939512,0.005222983351695023,4.8036741920298864e-05,0.15649781003854604,0,0,0,3.0,6.0,1.0
2026-09-10,2026-09-08,Oasis: Don't Look Back in Anger,ordinary,0.035891893594684345,0.14951056650112818,0.34124895739648703,0.4733485825077005,2.2520542288172036,2,2,0,1.0,12.0,4.0
2026-09-10,2026-09-08,HOPE Premium Early Access,special_event,0.8435054407501527,0.15081899251473196,0.005621707524106828,5.385921100854441e-05,0.16222398519597125,0,0,0,1.0,4.0,4.0
2026-09-10,2026-09-08,Space Seed + Star Trek II: The Wrath of Khan - Director's Cut 60th Anniversary Event,rerelease,0.9646533578290388,0.035085876118359983,0.00026027357402384483,4.924785773416607e-07,0.0356079007021397,0,0,0,1.0,5.0,2.0
2026-09-10,2026-09-08,The City on The Edge of Forever + Star Trek IV: The Voyage Home 60th Anniversary Event,rerelease,0.6632103165718526,0.3053388987356539,0.030647115183157016,0.0008036695093364931,0.3690441376299774,0,0,0,1.0,5.0,2.0
2026-09-10,2026-09-08,The Changeling + Star Trek: The Motion Picture - Director's Edition - 60th Anniversary Event,rerelease,0.9899731190415479,0.010006323999822955,2.0546212436608746e-05,1.074619249199014e-08,0.010047448663273648,0,0,0,1.0,2.0,2.0
2026-09-10,2026-09-08,Amok Time + Star Trek III: The Search for Spock 60th Anniversary Event,rerelease,0.9882454004966845,0.011726308640037333,2.8273497152073142e-05,1.7366126070460216e-08,0.011782907732719693,0,0,0,1.0,2.0,2.0
2026-09-10,2026-09-08,Onslaught,ordinary,0.5067467009317626,0.4119254107001871,0.07743564170349428,0.0038922466645560467,0.5784734341008438,1,1,0,2.0,155.0,5.0
2026-09-10,2026-09-08,Akira,ordinary,0.3922163419547416,0.4624337654022469,0.134580622954646,0.010769269688365573,0.7639028203766356,1,1,0,2.0,129.0,5.0
2026-09-10,2026-09-08,The Uprising,ordinary,0.009125667909392874,0.043036626299520896,0.1434585691261317,0.8043791366649546,2.743091174546648,2,2,0,1.0,21.0,6.0
2026-09-10,2026-09-08,Hope,ordinary,0.05522454429047115,0.21135582610264228,0.3894043867906386,0.34401524281624796,2.0222103281326635,3,3,0,1.0,32.0,5.0
2026-09-10,2026-09-08,Cars: 20th Anniversary,rerelease,0.9111868916666588,0.0870912944844817,0.0017131909011867345,8.6229476727759e-06,0.0905435451298735,1,1,0,2.0,59.0,4.0
2026-09-10,2026-09-08,AMC Screen Unseen: September 7,special_event,0.8774765759079138,0.1191488777717755,0.0033503884226303193,2.4157897680346224e-05,0.12592212831007718,0,0,0,1.0,9.0,7.0
2026-09-10,2026-09-08,Buddy,ordinary,0.06141995167017393,0.22894508038432873,0.39663944148287267,0.3129955264626246,1.9612105427379478,3,3,0,3.0,143.0,7.0
2026-09-10,2026-09-08,Fall 2: Deadpoint,ordinary,0.3356850239904616,0.47403461184032714,0.17263792351595428,0.017642440653256986,0.8722377808320068,1,1,0,2.0,58.0,5.0
2026-09-10,2026-09-08,The Salt Path,ordinary,0.8246156945703603,0.1681311151867545,0.007174394138394635,7.879610449054519e-05,0.1827162917770154,0,0,0,2.0,6.0,1.0
2026-09-10,2026-09-08,cocoon - One Summer of Girlhood,ordinary,0.7043310416223331,0.2724689685757471,0.022707742607305233,0.0004922471946145926,0.3193611953742013,0,0,0,2.0,15.0,2.0
2026-09-10,2026-09-08,The Sun Never Sets,ordinary,0.9672987666200439,0.032478522411551775,0.0002223228466565228,3.881217478183842e-07,0.03292433247010828,0,0,0,2.0,37.0,3.0
2026-09-10,2026-09-08,Sahaa,ordinary,0.9533749813058096,0.046167056843913507,0.00045680821226962647,1.1536380073114055e-06,0.04708413418247469,0,0,0,1.0,6.0,1.0
2026-09-10,2026-09-08,The Fix,ordinary,0.7554934815586798,0.22944462884403383,0.014814306253856265,0.0002475833434301228,0.25981599138203676,2,2,0,1.0,3.0,3.0
2026-09-17,2026-09-14,The Odyssey,ordinary,0.007991508666518862,0.03789413278486829,0.12875807171436326,0.8253562868342496,2.7714791367163434,3,3,0,10.0,149.0,7.0
2026-09-17,2026-09-14,Spider-Man: Brand New Day,ordinary,0.02310505201283296,0.10201535163152073,0.2748307431156062,0.6000488532400402,2.451823397582854,3,3,0,8.0,180.0,7.0
2026-09-17,2026-09-14,Runner,ordinary,0.2791617418862393,0.4730686845168264,0.21861881566631516,0.029150757930619126,0.997758589641314,,,1,2.0,137.0,5.0
2026-09-17,2026-09-14,MST3K: The RiffTrax Experiments - Sting of Death,special_event,0.9940138264155809,0.0059788703059922834,7.3010079342488585e-06,2.270492575191344e-09,0.005993479133338506,0,0,0,2.0,5.0,4.0
2026-09-17,2026-09-15,PAW Patrol: The Dino Movie,ordinary,0.5698471611696704,0.3730368176409199,0.054973153104235936,0.002142868085173788,0.4894117281049132,1,1,0,6.0,15.0,2.0
2026-09-17,2026-09-14,The Passion of the Christ (2026 Event),special_event,0.9276545611182747,0.07121885967498674,0.0011220604235879352,4.5187831506033745e-06,0.07347653687161443,0,0,0,2.0,12.0,4.0
2026-09-17,2026-09-14,Insidious: Out of the Further,ordinary,0.29961072821271867,0.47511108835190763,0.20101284663474556,0.024265336800628114,0.9499327920232831,1,1,0,5.0,40.0,4.0
2026-09-17,2026-09-14,Coyote vs. Acme,ambiguous_special,0.6365115733212735,0.32575570302439205,0.03665188472191623,0.001080838932418201,0.4023019892654791,3,3,0,4.0,177.0,7.0
2026-09-17,2026-09-14,The Transformers: The Movie 40th Anniversary,special_event,0.1950523251493302,0.4381708692209227,0.302345074350655,0.06443173127909206,1.2361562117595088,,,1,1.0,15.0,4.0
2026-09-17,2026-09-14,Juan Gabriel: Mi Primer Bellas Artes,special_event,0.8703244775907887,0.12587147454980954,0.003775002653853035,2.9045205548733772e-05,0.13350861547416182,0,0,0,1.0,7.0,3.0
2026-09-17,2026-09-14,Practical Magic 2,ordinary,0.010982935770361822,0.051336665061540394,0.16595711547756425,0.7717232836905336,2.6984207470882695,3,3,0,2.0,273.0,7.0
2026-09-17,2026-09-14,By Any Means,ordinary,0.11007088120443342,0.3371035390440488,0.3899985895693046,0.1628269901822132,1.6055816887292975,1,1,0,3.0,155.0,7.0
2026-09-17,2026-09-14,Oasis: Don't Look Back in Anger,ordinary,0.6163040782176775,0.34067548031382716,0.041680441353893476,0.0013400001146018452,0.42805636336541963,1,1,0,2.0,90.0,4.0
2026-09-17,2026-09-14,Onslaught,ordinary,0.6245728358446165,0.33462838038747744,0.039570511489957376,0.0012282722779486351,0.4174542202012381,0,0,0,3.0,33.0,5.0
2026-09-17,2026-09-14,Akira,ordinary,0.06240887760824952,0.2316609311128227,0.3975288926133956,0.3084012986655322,1.9519226123362103,0,0,0,3.0,55.0,5.0
2026-09-17,2026-09-14,The Uprising,ordinary,0.2595802281832418,0.4690476595649563,0.2365321999257419,0.03483991232606001,1.0466317963946201,1,1,0,2.0,147.0,6.0
2026-09-17,2026-09-15,Daniel and the Fiery Furnace,ordinary,0.36543247372959675,0.4692787290706453,0.15168690925209521,0.013601887947662789,0.813458211417824,,,1,1.0,4.0,2.0
2026-09-17,2026-09-14,Hope,ordinary,0.3074380441010435,0.475359392602956,0.19456890093371032,0.022633662362290183,0.9323981815572472,,,1,2.0,132.0,6.0
2026-09-17,2026-09-14,Cars: 20th Anniversary,rerelease,0.6109733043250378,0.3445301545713239,0.04308005030983298,0.001416490793805303,0.4349397275724058,0,0,0,3.0,46.0,4.0
2026-09-17,2026-09-15,Shaun the Sheep: The Beast of Mossy Bottom,ordinary,0.37342439503137803,0.46747521880361775,0.14641411130386528,0.012686274861138996,0.7983622659947653,3,3,0,1.0,4.0,2.0
2026-09-17,2026-09-14,Buddy,ordinary,0.15194483069107256,0.3977581328847116,0.3495507945584035,0.10074624186581228,1.3990984475989554,,,1,3.0,94.0,7.0
2026-09-17,2026-09-14,Resident Evil,ordinary,0.002115217806418709,0.0103204408747025,0.03893936494144955,0.9486249763774292,2.934074099889889,3,3,0,1.0,53.0,7.0
2026-09-17,2026-09-15,Ghost in the Shell 30th Anniversary,rerelease,0.6493774120098749,0.31601349726454697,0.03367029728033433,0.0009387934452438191,0.3861704721609471,,,1,1.0,2.0,2.0
2026-09-17,2026-09-14,The Weight,ordinary,0.3739928412574284,0.46733897341717223,0.1460446219691595,0.012623563356239901,0.7972989074242108,,,1,1.0,8.0,5.0
2026-09-17,2026-09-14,Fall 2: Deadpoint,ordinary,0.7993634664040383,0.19091685645263662,0.00959531015366119,0.00012436698966385954,0.21048057772895057,0,0,0,3.0,23.0,3.0
2026-09-17,2026-09-14,AMC Screen Unseen: September 13,special_event,0.9976303878819124,0.0023684710343529923,1.1409437912866407e-06,1.3994333745637086e-10,0.002370753341765578,0,0,0,1.0,8.0,7.0
2026-09-17,2026-09-14,AMC Screen Unseen: September 14,special_event,0.921673051798135,0.07699966079970023,0.0013214880704856566,5.799331679142348e-06,0.07966003493570897,0,0,0,1.0,8.0,7.0
2026-09-17,2026-09-14,The Weight Early Access,special_event,0.8727143667099072,0.12362827984028449,0.003630013614073707,2.7339835734597507e-05,0.1309703265756357,0,0,0,1.0,4.0,4.0
2026-09-17,2026-09-14,The Fix,ordinary,0.4000673078418192,0.46001236433789566,0.12986401712636153,0.01005631069392359,0.7499093306723895,1,1,0,2.0,44.0,4.0
2026-09-17,2026-09-15,Haiwaan,ordinary,0.826315934229498,0.16658201449707719,0.007025792545550018,7.625872787478806e-05,0.18086237577180156,0,0,0,1.0,6.0,1.0
2026-09-17,2026-09-15,Sardar 2,ordinary,0.9454386921251315,0.05393002520413483,0.0006294069709268734,1.8756998067596122e-06,0.05519446624540885,0,0,0,2.0,6.0,1.0
2026-09-17,2026-09-15,Hanuman Ansh,ordinary,0.926280145083631,0.07254870199067953,0.0011663594017998237,4.793523889661163e-06,0.07489580136594816,1,1,0,1.0,13.0,1.0
2026-09-17,2026-09-15,Don't Move,ordinary,0.7828490357799032,0.20558411334477164,0.011403507109603235,0.00016334376572194997,0.22888115886114396,0,0,0,2.0,28.0,3.0
2026-09-24,2026-09-21,The Odyssey,ordinary,0.002787645388303527,0.013556611931817291,0.050514590245831804,0.9331411524340474,2.914009249725623,,,1,11.0,116.0,6.0
2026-09-24,2026-09-21,Spider-Man: Brand New Day,ordinary,0.004371192396631267,0.021093954257320892,0.07636276385170927,0.8981720894943386,2.8683357504437548,,,1,9.0,159.0,7.0
2026-09-24,2026-09-21,Runner,ordinary,0.10259337161437558,0.3234786310294844,0.3953488245255855,0.1785791728305546,1.6499137985723191,,,1,3.0,120.0,6.0
2026-09-24,2026-09-21,Heaven in Stone and Glass,special_event,0.8428251115791491,0.1514463179861467,0.005673930510102887,5.463992460135389e-05,0.16295809878015652,0,0,0,1.0,11.0,4.0
2026-09-24,2026-09-21,Twenty Years of the Met in Cinemas: An Anniversary Celebration,rerelease,0.9921594089165658,0.007828043432748092,1.2542532300922246e-05,5.118385141781873e-09,0.007853143852505361,0,0,0,1.0,4.0,4.0
2026-09-24,2026-09-22,PAW Patrol: The Dino Movie,ordinary,0.7912764077620489,0.19812323322363293,0.010457907035959755,0.0001424519783584423,0.21946640323062774,0,0,0,7.0,6.0,1.0
2026-09-24,2026-09-21,Insidious: Out of the Further,ordinary,0.6580143490060445,0.3093722751407508,0.031760969542498164,0.0008524063107065838,0.37545143315786683,0,0,0,6.0,19.0,3.0
2026-09-24,2026-09-21,Coyote vs. Acme,ambiguous_special,0.5241057418871052,0.4018779283187949,0.07070121326703241,0.0033151165270674586,0.5532257044340622,,,1,5.0,148.0,7.0
2026-09-24,2026-09-21,The Transformers: The Movie 40th Anniversary,special_event,0.8239524345117334,0.168734917145122,0.007232845665164924,7.980267797967169e-05,0.18344001650939087,,,1,2.0,111.0,5.0
2026-09-24,2026-09-21,Practical Magic 2,ordinary,0.08070579667059559,0.27769683812583695,0.40397591197470895,0.23762145322885855,1.7985130217618304,,,1,3.0,165.0,7.0
2026-09-24,2026-09-21,Oasis: Don't Look Back in Anger,ordinary,0.341613245953512,0.47334613816546306,0.16829160306245977,0.016749012818565254,0.8601763827460783,0,0,0,3.0,24.0,4.0
2026-09-24,2026-09-22,Crunchyroll Anime Nights Sneak Peek - September '26,special_event,0.8922933660113824,0.10513260137993057,0.002558087387398107,1.5945221288903414e-05,0.11029661181859349,0,0,0,1.0,2.0,2.0
2026-09-24,2026-09-21,The Uprising,ordinary,0.15982499493034788,0.406614475721857,0.34099430185114693,0.09256622749664821,1.3663017619140954,0,0,0,3.0,59.0,6.0
2026-09-24,2026-09-21,Daniel and the Fiery Furnace,ordinary,0.8606205058407004,0.13494656419269424,0.004396164379788501,3.676558681687524e-05,0.14384918971272187,,,1,2.0,38.0,3.0
2026-09-24,2026-09-21,Hope,ordinary,0.14963095486177305,0.395018785286149,0.35203725261496266,0.10331300723711526,1.40903231222742,,,1,3.0,116.0,6.0
2026-09-24,2026-09-21,Avengers Endgame: Encore,ambiguous_special,0.13831552500715813,0.3806652589799538,0.36393842766584056,0.11708078834704748,1.4597844793527774,,,1,1.0,30.0,7.0
2026-09-24,2026-09-21,Shaun the Sheep: The Beast of Mossy Bottom,ordinary,0.7062929946616917,0.2708606383703862,0.022366081231453967,0.00048028573646813805,0.31703365804269856,,,1,2.0,70.0,5.0
2026-09-24,2026-09-21,Batman (1989),ordinary,0.939703774051527,0.05952155851817217,0.0007721090906068551,2.558339693925675e-06,0.061073451718467654,0,0,0,1.0,8.0,4.0
2026-09-24,2026-09-21,Batman: Mask of the Phantasm (2026BD),ordinary,0.9331552192776886,0.06588745834127879,0.0009537942176886825,3.528163343889114e-06,0.06780563126668782,0,0,0,1.0,5.0,4.0
2026-09-24,2026-09-21,The Lego Batman Movie,ordinary,0.9695147174491999,0.03029208269568259,0.00019288665754254596,3.1319757494042173e-07,0.030678795603492504,0,0,0,1.0,9.0,4.0
2026-09-24,2026-09-22,NCT 127 5TH TOUR `NEO CITY : SEOUL - THE REDLINE' in CINEMAS,special_event,0.9962508171550334,0.0037463231809258908,2.8591084193552287e-06,5.556213684474478e-10,0.003752043064628707,0,0,0,1.0,1.0,1.0
2026-09-24,2026-09-21,Buddy,ordinary,0.1305115255935431,0.36978806879555975,0.37179281007839327,0.1279075955325039,1.497096475549858,,,1,5.0,52.0,5.0
2026-09-24,2026-09-21,Heart of the Beast,ordinary,0.008321060496898854,0.039394224779886605,0.13310817016251683,0.8191765445606977,2.7631401987870134,,,1,1.0,27.0,7.0
2026-09-24,2026-09-21,Resident Evil,ordinary,0.0019024189611502116,0.009291852187675767,0.03519835589780026,0.9536073729533737,2.9405106828433976,,,1,2.0,477.0,7.0
2026-09-24,2026-09-22,Ghost in the Shell 30th Anniversary,rerelease,0.947888185401193,0.0515371148172593,0.0005730728499109151,1.626931636767941e-06,0.05268814131199143,,,1,2.0,17.0,2.0
2026-09-24,2026-09-21,The Weight,ordinary,0.24007115950680336,0.4627902821085,0.25539200552623803,0.041746552858458616,1.098813951736352,,,1,2.0,162.0,7.0
2026-09-24,2026-09-21,Primetime,ordinary,0.021946516268022798,0.09742165859764296,0.2667512629604786,0.6138805621738557,2.472565871040167,,,1,1.0,20.0,7.0
2026-09-24,2026-09-21,Forgotten Island - Friendship Opening Night Event,special_event,0.7782052338321847,0.20967364386730367,0.011945315705216016,0.00017580659529565964,0.23409169506362268,0,0,0,1.0,4.0,4.0
2026-09-24,2026-09-21,Forgotten Island,ordinary,0.01229167743557097,0.0570964598631649,0.1807181490050386,0.7498937136962255,2.668213898961919,,,1,1.0,25.0,6.0
2026-09-24,2026-09-22,Dora and the Lost City of Gold,ordinary,0.8855309658439771,0.11154438468269585,0.00290525629009173,1.9393183235358746e-05,0.11741307681258539,0,0,0,1.0,14.0,2.0
2026-09-24,2026-09-21,AMC Screen Unseen: September 21,special_event,0.9042091146077812,0.09377582509966331,0.0020040966629071705,1.0963629648325607e-05,0.09781690931442263,0,0,0,1.0,8.0,7.0
2026-09-24,2026-09-21,The Musical,ordinary,0.6225555545103589,0.3361111790265693,0.04007848916477013,0.0012547772983016465,0.4200324892510145,0,0,0,2.0,18.0,2.0
2026-09-24,2026-09-22,Charlie Harper,ordinary,0.3381701651042117,0.4737624357619141,0.17080532987587724,0.017262069257996972,0.8671593032876596,,,1,1.0,4.0,2.0
2026-09-24,2026-09-22,Hanuman Ansh,ordinary,0.8349914442087879,0.15864932607316493,0.006294990550407697,6.423916763948104e-05,0.17143202467689875,0,0,0,2.0,12.0,1.0
2026-09-24,2026-09-22,Forgotten Island - Early Access Screening with Cast Member Q&A,special_event,0.9960109294364969,0.003985832625593144,3.2372683850602417e-06,6.695248570580152e-10,0.003992309170937836,0,0,0,1.0,2.0,2.0
2026-09-24,2026-09-22,Tiny Fugitives,ordinary,0.5936318491269806,0.356823400832625,0.04785316618266317,0.0016915838577312185,0.45760448477114496,0,0,0,2.0,17.0,2.0
2026-09-24,2026-09-22,Daayra,ordinary,0.8206077718651665,0.171775456181196,0.007531747444794864,8.5024508842611e-05,0.18709402459731356,0,0,0,1.0,6.0,1.0
2026-09-24,2026-09-21,If I Go Will They Miss Me,ordinary,0.4511482961030829,0.44022186230757826,0.10220881548737802,0.0064210261019609135,0.663902571588217,,,1,2.0,29.0,3.0
2026-09-24,2026-09-21,The Paradise (Telugu),ambiguous_limited,0.9674153231839714,0.0323635717234907,0.0002207211865704584,3.83905967456839e-07,0.03280616581453398,,,1,1.0,6.0,5.0
2026-09-24,2026-09-21,Forgotten Island - Early Access Screening,special_event,0.9964160127249198,0.003581374407917433,2.6123819382059146e-06,4.852246082699701e-10,0.0035866006274676695,0,0,0,1.0,3.0,3.0
2026-09-10,2026-09-08,Toy Story 5,ordinary,0.8021273719476609,0.18844362700164896,0.0093103993060299,0.00011860174466020485,0.20742023084768937,0,0,0,11.0,19.0,2.0
2026-09-24,2026-09-21,By Any Means,ordinary,0.906254102448968,0.0918193560332333,0.0019163051158749026,1.0236401923815344e-05,0.09568267547075454,0,0,0,4.0,12.0,2.0
2026-09-10,2026-09-08,Dear You,ordinary,0.9483242108770688,0.051110871131507966,0.0005633328218800319,1.585169543251137e-06,0.05224229228389778,2,2,0,2.0,26.0,1.0
2026-09-10,2026-09-08,Teenage Sex and Death at Camp Miasma,ordinary,0.6235166798330739,0.33540530629262727,0.03983592421480268,0.001242089659496133,0.418803423700721,1,1,0,4.0,11.0,1.0
2026-09-10,2026-09-08,Dreams in Nightmares,ordinary,0.8538215704589788,0.1412725618168455,0.0048628755204706085,4.299220370511055e-05,0.15112728946890205,0,0,0,1.0,25.0,2.0
2026-09-17,2026-09-15,Dear You,ordinary,0.8846990410717549,0.11233147706944122,0.0029496307213998764,1.9851137404001687e-05,0.11829029192445298,1,1,0,3.0,19.0,1.0
2026-09-17,2026-09-15,Teenage Sex and Death at Camp Miasma,ordinary,0.5926421023165153,0.3575133411576722,0.048135982253197686,0.001708574272614846,0.45891102848191206,0,0,0,5.0,7.0,1.0
2026-09-17,2026-09-15,Mighty Mary,ordinary,0.9394927427465706,0.05972701991844368,0.0007776510333427481,2.5863016429924926e-06,0.061290080890058156,1,1,0,1.0,14.0,1.0
2026-09-24,2026-09-21,Dear You,ordinary,0.8256541746291601,0.16718516692240726,0.007083419435467118,7.723901296547976e-05,0.18158372283223792,0,0,0,4.0,10.0,1.0
2026-09-24,2026-09-21,Mighty Mary,ordinary,0.9535553614607024,0.045990281162235476,0.00045321745099848173,1.1399260636338547e-06,0.046900135842423335,0,0,0,2.0,6.0,1.0
2026-09-10,2026-09-08,The Magic Faraway Tree,ordinary,0.9203823883901029,0.07824471540345425,0.001366790678284194,6.105528158661398e-06,0.08099661334449862,0,0,0,4.0,6.0,1.0
2026-09-10,2026-09-08,Don't Move,ordinary,0.37774401233161836,0.46641388203036216,0.1436246475966,0.01221745804141948,0.7903155513478207,1,1,0,1.0,1.0,1.0
2026-09-10,2026-09-08,Virginia Woolf's Night & Day,ordinary,0.7870394625227145,0.20188055775190897,0.010927294970241844,0.00015268475513467028,0.22419320195779668,0,0,0,2.0,6.0,1.0
2026-09-10,2026-09-08,I'm Game,ordinary,0.7782163042862996,0.2096639133167678,0.011944006346878935,0.0001757760500536324,0.2340792541606866,0,0,0,2.0,6.0,1.0
2026-09-10,2026-09-08,Mirzapur,ordinary,0.8157645712129614,0.17616547668477658,0.007976921885351448,9.303021691055851e-05,0.19239841110621114,1,1,0,1.0,6.0,1.0
2026-09-10,2026-09-08,Tom and Jerry: The Forbidden Compass,ordinary,0.9390261564498091,0.06018121686135544,0.0007899778156757497,2.648873159672231e-06,0.06176911911218596,0,0,0,2.0,6.0,1.0
2026-09-17,2026-09-15,The End of Oak Street,ordinary,0.7864900228171886,0.20236687225496808,0.01098905353461591,0.00015405139322741197,0.22480713350388212,0,0,0,6.0,13.0,1.0
2026-09-17,2026-09-14,The Dog Stars,ordinary,0.9194325574371607,0.07916045637694044,0.0014006482307468914,6.337955151983611e-06,0.08198076670389018,0,0,0,4.0,13.0,2.0
2026-09-17,2026-09-15,Mirzapur,ordinary,0.7182262216236801,0.2610041566490658,0.02035720352731851,0.0004124181999355868,0.3029558183035096,0,0,0,2.0,6.0,1.0
2026-09-17,2026-09-15,If I Go Will They Miss Me,ordinary,0.43330672817119686,0.44788190658792665,0.11129498724185195,0.007516377999024532,0.6930210150687042,,,1,1.0,1.0,1.0
2026-09-24,2026-09-22,The Fix,ordinary,0.8006787471456681,0.1897405513447078,0.009459103720209373,0.00012159778941472708,0.20902355215337073,0,0,0,3.0,7.0,1.0
2026-09-24,2026-09-22,Sunny Dancer,ordinary,0.86304145745346,0.13268754358381407,0.004236283507117869,3.471545560810993e-05,0.14126425696487413,0,0,0,1.0,7.0,1.0
2026-09-24,2026-09-22,2026 Rocket League World Championship,special_event,0.9961547981278316,0.0038421936257707827,3.0076468833333034e-06,5.995142974234485e-10,0.0038482107180803416,0,0,0,1.0,1.0,1.0
2026-09-24,2026-09-22,Without Blood,ordinary,0.9817309071711411,0.018200394343694005,6.863253210865665e-05,6.595305624918703e-08,0.018337857267080065,0,0,0,2.0,11.0,1.0
2026-09-10,2026-09-08,I Want Your Sex,ordinary,0.8521318956076517,0.14284050231526302,0.0049829507201970095,4.46513568883046e-05,0.15294035782632195,0,0,0,1.0,1.0,1.0
